description,amount,timestamp
Birthday gift,225.33,2024-03-24 21:27:48
Takeout,281.66,2025-02-14 07:55:48
Train ticket,176.62,2024-09-04 04:41:48
Monthly wages,439.62,2024-07-23 10:41:48
Bus fare,400.08,2024-05-10 07:08:48
Pharmacy,443.22,2024-06-10 20:51:48
Amazon purchase,1518.34,2025-01-16 07:15:48
Yoga class,557.91,2024-12-18 19:36:48
Monthly wages,761.71,2024-10-06 18:04:48
Lyft ride,1614.84,2024-03-30 15:08:48
Water bill,1946.31,2024-09-27 03:07:48
Car maintenance,1659.32,2024-05-26 18:06:48
Coffee,1410.03,2025-03-15 08:28:48
App store purchase,580.91,2025-02-26 21:47:48
Electricity bill,762.11,2024-08-18 08:49:48
Concert ticket,327.82,2024-10-08 23:00:48
Fuel,1404.54,2024-04-23 09:38:48
Charity,1271.05,2024-07-08 06:27:48
Groceries,926.13,2024-11-20 08:58:48
Bus fare,441.57,2024-10-24 04:28:48
Amazon Marketplace,1610.68,2024-09-14 21:38:48
Cafe breakfast,1826.53,2024-06-21 07:22:48
Cafe breakfast,1311.91,2024-09-17 09:13:48
Internet bill,531.97,2024-12-02 06:07:48
Train ticket,527.69,2024-06-12 15:45:48
Donation,800.6,2024-12-17 01:10:48
Airbnb stay,184.55,2025-03-15 02:33:48
Birthday gift,322.48,2024-04-24 16:04:48
Weekly wages,771.38,2024-06-06 15:09:48
Lyft ride,1942.24,2024-01-24 04:59:48
Phone bill,231.76,2024-07-07 20:53:48
Pet food,682.33,2024-11-08 16:32:48
Shoes,9.48,2024-04-03 06:26:48
Hotel booking,1524.64,2024-07-23 01:47:48
Birthday gift,598.99,2024-05-15 13:04:48
Coffee,308.22,2024-03-14 00:08:48
App store purchase,1845.1,2025-04-07 10:22:48
Airbnb stay,41.9,2024-10-04 20:27:48
Wages,484.02,2024-06-22 03:37:48
Phone bill,973.52,2025-03-03 11:53:48
Gas bill,259.4,2024-08-07 12:32:48
Lyft ride,1056.76,2024-06-01 16:29:48
Train ticket,1511.26,2024-04-19 22:57:48
Streaming subscription,799.79,2024-04-29 09:19:48
Clothing,1799.53,2024-08-20 02:27:48
Takeout,130.86,2025-03-28 11:07:48
Takeout,1178.11,2025-04-05 02:57:48
Birthday gift,120.57,2025-03-05 03:47:48
Yoga class,144.5,2024-12-07 21:00:48
Airbnb stay,430.83,2025-01-30 05:43:48
Parking fee,1153.69,2024-12-04 13:51:48
Pharmacy,383.25,2025-02-17 08:15:48
Movie ticket,848.89,2024-08-11 06:39:48
Insurance,1307.95,2024-05-13 02:39:48
Online course,1457.24,2024-02-24 02:27:48
Coffee,382.85,2024-08-22 01:15:48
Supermarket run,559.25,2024-12-02 03:14:48
Bus fare,198.52,2024-05-09 11:49:48
Amazon purchase,1938.09,2024-03-18 22:32:48
Pharmacy,972.83,2024-12-19 16:45:48
Wages,331.78,2025-04-06 17:26:48
Shoes,572.64,2024-04-16 05:52:48
Bus fare,1324.76,2024-08-02 01:30:48
Car maintenance,437.75,2025-03-09 10:55:48
Train ticket,124.73,2024-10-30 04:39:48
Donation,955.15,2024-01-27 13:32:48
Wages,1921.68,2025-02-26 00:38:48
Charity,138.72,2024-01-22 22:17:48
Water bill,1883.37,2024-06-20 22:05:48
Charity,82.36,2025-02-25 16:00:48
Donation,1131.76,2024-10-28 21:29:48
Vet bill,1433.24,2024-12-06 21:17:48
Gas bill,1344.37,2024-11-05 15:22:48
Software license,1871.66,2025-04-03 15:03:48
Parking fee,1992.2,2025-03-01 12:29:48
Hotel booking,532.61,2024-10-12 02:46:48
Uber ride,740.95,2025-01-17 14:49:48
Train ticket,1407.97,2024-05-29 09:09:48
Amazon purchase,1336.72,2024-06-28 19:43:48
Vet bill,209.86,2024-01-15 01:26:48
Water bill,1779.76,2024-03-23 12:33:48
Fuel,565.67,2024-12-21 07:21:48
Cafe breakfast,1375.93,2024-01-27 21:10:48
Airbnb stay,504.49,2024-01-31 04:37:48
Birthday gift,848.88,2024-11-18 04:42:48
Yoga class,1542.93,2024-05-16 21:32:48
Tech gadgets,885.35,2024-04-11 16:07:48
Amazon purchase,226.41,2024-04-20 01:08:48
Amazon Marketplace,1669.69,2024-06-13 12:33:48
Medical bill,257.51,2024-11-01 17:45:48
Amazon Marketplace,1798.15,2024-12-21 08:27:48
Vet bill,208.28,2024-03-04 11:46:48
Pharmacy,1947.75,2024-03-21 00:43:48
Uber ride,1729.62,2024-02-23 23:46:48
Pharmacy,52.5,2024-03-26 18:52:48
Pharmacy,1605.06,2024-01-21 05:51:48
Uber ride,535.81,2024-02-29 07:36:48
Bookstore,1744.72,2024-01-24 14:28:48
Coffee,1633.72,2024-08-15 18:23:48
Takeout,448.18,2024-05-05 23:17:48
Yoga class,559.37,2025-03-03 21:20:48
Pet food,1020.28,2024-04-25 12:21:48
Amazon order,233.34,2024-11-26 00:05:48
Lyft ride,79.4,2024-06-06 16:20:48
Phone bill,1573.5,2024-08-27 10:10:48
Water bill,772.24,2024-06-16 23:26:48
Amazon Marketplace,1418.44,2025-04-07 12:43:48
Train ticket,1374.65,2024-03-24 06:00:48
Coffee,730.35,2025-03-03 07:44:48
Yoga class,1247.44,2024-05-04 01:56:48
Streaming subscription,1015.72,2024-05-01 16:22:48
Online course,1395.33,2024-06-29 01:30:48
Pharmacy,1330.86,2024-09-25 07:55:48
Supermarket run,1232.18,2024-11-04 17:07:48
Amazon purchase,609.84,2024-12-21 15:52:48
Donation,1214.5,2024-10-25 15:14:48
Clothing,1352.23,2024-07-20 13:52:48
Tech gadgets,341.87,2025-02-23 20:10:48
Vet bill,1266.98,2024-10-19 02:50:48
Software license,472.03,2024-10-31 21:51:48
Coffee,297.27,2025-03-15 22:12:48
Gift,1699.93,2025-03-01 15:16:48
Birthday gift,1152.61,2024-04-05 07:18:48
Airbnb stay,801.11,2025-01-22 08:58:48
Amazon purchase,1785.64,2024-01-24 01:53:48
Medical bill,440.03,2024-02-21 07:09:48
Shoes,103.29,2024-12-02 02:13:48
Gas bill,1603.43,2024-05-01 13:07:48
Charity,636.64,2024-03-17 15:03:48
Phone bill,1784.36,2024-09-01 12:14:48
Groceries,1488.08,2024-08-07 15:26:48
Software license,496.74,2024-05-16 20:53:48
App store purchase,1044.04,2024-05-22 22:25:48
Clothing,157.73,2024-11-12 22:25:48
Yoga class,641.46,2024-07-06 03:34:48
Internet bill,464.83,2024-04-18 00:57:48
Cafe breakfast,131.27,2024-09-11 19:08:48
Shoes,833.3,2024-12-23 16:18:48
App store purchase,1169.41,2024-04-17 04:48:48
Software license,1152.65,2024-08-07 05:20:48
Streaming subscription,1507.69,2024-01-27 16:08:48
Tech gadgets,1470.06,2024-02-23 09:45:48
Takeout,977.99,2024-11-19 16:11:48
Amazon order,779.55,2024-04-30 07:51:48
Online course,1449.19,2024-02-02 14:44:48
Gas bill,1961.5,2024-07-09 04:44:48
Online course,1185.01,2024-05-04 05:37:48
Pet food,858.94,2024-01-20 15:31:48
Wages,522.53,2024-10-22 23:13:48
Gym membership,676.99,2024-01-13 17:25:48
Software license,1902.55,2024-09-04 20:49:48
Monthly wages,942.2,2024-03-20 12:39:48
Movie ticket,450.77,2025-03-03 09:40:48
Software license,64.97,2024-12-02 22:49:48
Amazon order,1243.81,2024-12-07 01:12:48
Vet bill,231.44,2024-12-17 14:58:48
Lyft ride,1534.5,2025-01-12 10:04:48
Tech gadgets,1437.56,2024-03-06 00:23:48
Electricity bill,1158.63,2024-10-30 10:59:48
Bookstore,795.12,2024-04-06 23:38:48
Donation,1382.16,2024-05-21 22:36:48
Home repair,1545.64,2024-01-28 08:04:48
Water bill,1593.07,2024-06-23 04:20:48
Train ticket,858.47,2024-10-01 03:10:48
Pet food,684.44,2024-01-29 15:50:48
Airbnb stay,213.76,2024-10-04 08:45:48
Shoes,1415.5,2024-08-28 23:56:48
Flight ticket,1931.05,2024-11-20 09:51:48
Train ticket,1549.96,2024-08-12 15:50:48
Phone bill,1186.17,2024-10-24 21:49:48
Monthly wages,560.02,2024-08-20 21:54:48
Shoes,1140.99,2024-04-30 17:21:48
Amazon order,990.13,2024-10-24 00:11:48
Cafe breakfast,711.59,2024-11-26 19:25:48
Charity,1403.26,2024-11-17 12:42:48
Flight ticket,1896.28,2025-02-23 21:56:48
Pharmacy,978.69,2024-03-15 21:58:48
Rent payment,1292.87,2024-07-30 14:52:48
Amazon order,188.83,2024-12-15 16:58:48
Uber ride,614.49,2024-06-14 18:12:48
Bus fare,1063.25,2024-09-02 06:07:48
Yoga class,705.57,2024-08-18 21:23:48
Lyft ride,463.38,2024-04-03 23:22:48
Water bill,1486.53,2024-03-13 07:31:48
Coffee,435.12,2024-08-03 20:56:48
Donation,1953.28,2024-07-13 10:24:48
Electricity bill,1665.76,2024-11-07 22:19:48
Supermarket run,606.63,2024-04-10 12:34:48
Fuel,93.89,2025-03-11 12:24:48
Home repair,1888.35,2024-05-16 14:36:48
Amazon purchase,1149.41,2024-08-10 14:14:48
Yoga class,371.17,2025-03-12 20:47:48
Rent payment,230.83,2025-03-05 17:11:48
Weekly wages,1155.31,2024-04-22 04:33:48
Internet bill,1622.85,2024-11-04 03:27:48
Water bill,1117.47,2024-09-06 10:04:48
Gift,453.7,2024-07-14 17:14:48
Clothing,596.81,2024-06-10 16:23:48
Parking fee,1243.19,2024-05-30 06:36:48
Software license,417.95,2024-12-20 21:00:48
Monthly wages,316.64,2025-01-09 12:38:48
Groceries,8.34,2024-08-20 07:04:48
Rent payment,584.64,2024-12-10 19:57:48
Car maintenance,1406.87,2024-08-19 02:59:48
Takeout,1848.05,2024-02-29 09:05:48
Vet bill,1608.4,2024-12-27 16:35:48
Train ticket,451.94,2025-01-21 20:50:48
Internet bill,145.61,2025-01-13 20:04:48
Tech gadgets,1649.01,2024-11-11 15:35:48
Shoes,1378.29,2024-04-14 17:25:48
Hotel booking,1081.34,2024-08-27 03:04:48
Amazon Marketplace,1779.18,2024-03-27 19:04:48
Lyft ride,54.65,2024-12-11 07:49:48
Parking fee,1175.48,2025-03-28 07:50:48
Fuel,1153.77,2024-03-14 00:12:48
Flight ticket,1304.06,2024-11-17 00:05:48
Medical bill,1270.67,2024-07-31 03:12:48
Movie ticket,818.47,2024-10-25 08:36:48
Groceries,661.62,2024-04-17 14:24:48
Vet bill,1890.55,2024-02-16 12:40:48
Shoes,178.86,2024-11-29 19:35:48
App store purchase,810.14,2024-07-19 05:00:48
Train ticket,925.57,2025-03-11 23:09:48
Concert ticket,1246.4,2024-07-26 09:14:48
Software license,106.07,2024-11-22 12:34:48
Car maintenance,877.92,2024-04-15 14:35:48
Amazon order,1946.37,2024-05-31 21:57:48
Groceries,623.57,2025-03-31 12:16:48
Monthly wages,451.73,2024-02-03 02:13:48
Water bill,1296.48,2025-01-19 13:43:48
Furniture,585.85,2024-04-11 21:16:48
Rent payment,1960.55,2024-12-04 15:07:48
Internet bill,769.02,2024-06-05 12:55:48
Gas bill,1728.46,2024-11-17 16:21:48
Hotel booking,536.54,2025-04-06 19:56:48
Streaming subscription,1675.44,2024-06-15 08:11:48
Internet bill,894.76,2024-08-03 18:21:48
Bus fare,1526.46,2024-09-26 14:43:48
Gym membership,1739.59,2024-04-15 22:06:48
Bookstore,469.42,2024-03-06 16:40:48
Gym membership,1490.18,2024-04-11 17:18:48
Vet bill,1585.41,2024-05-10 01:11:48
Amazon Marketplace,255.11,2024-06-09 18:47:48
Electricity bill,1748.76,2024-08-26 02:09:48
Shoes,33.65,2025-01-24 15:47:48
Pet food,1940.0,2025-02-28 13:52:48
Lyft ride,679.11,2024-04-18 17:01:48
Monthly wages,1703.98,2024-01-27 07:48:48
Train ticket,761.88,2024-10-27 08:57:48
Software license,977.43,2024-07-05 04:03:48
Weekly wages,471.84,2024-04-22 20:28:48
Tech gadgets,183.49,2025-02-16 08:57:48
Electricity bill,889.03,2024-04-17 19:45:48
Amazon order,94.84,2024-02-26 04:24:48
Movie ticket,751.56,2025-01-23 22:09:48
Pharmacy,1133.16,2024-02-28 00:32:48
Supermarket run,160.7,2024-01-18 17:03:48
Insurance,483.94,2024-06-14 01:28:48
Shoes,1276.9,2024-08-15 21:00:48
Amazon purchase,1798.12,2024-08-12 19:59:48
Train ticket,318.48,2024-08-24 18:05:48
Streaming subscription,1278.96,2024-09-02 07:26:48
Shoes,1691.07,2024-12-27 16:48:48
Rent payment,215.99,2024-09-24 11:20:48
Parking fee,593.86,2024-04-14 20:41:48
Vet bill,793.42,2025-04-03 10:47:48
Insurance,1557.29,2025-03-13 09:55:48
Airbnb stay,1666.18,2024-11-12 22:04:48
Movie ticket,440.35,2024-12-31 10:26:48
Insurance,1511.89,2024-03-11 07:59:48
Gas bill,1257.61,2024-05-21 09:40:48
Streaming subscription,1577.86,2025-03-21 11:19:48
Phone bill,265.43,2024-11-07 18:55:48
Pharmacy,353.75,2025-01-30 11:46:48
Concert ticket,1063.11,2024-11-20 00:26:48
Rent payment,1934.87,2024-11-07 05:47:48
Yoga class,1609.05,2024-08-12 03:33:48
Software license,1933.1,2024-01-23 07:56:48
Insurance,1959.94,2024-01-30 12:19:48
Monthly wages,1581.99,2025-03-31 21:08:48
Water bill,911.21,2024-04-28 05:59:48
Lyft ride,1170.37,2024-02-11 09:19:48
Electricity bill,1350.65,2024-08-10 05:03:48
Bus fare,658.03,2024-05-30 22:01:48
Weekly wages,1271.9,2024-08-13 07:23:48
Pet food,818.37,2025-01-27 04:40:48
Streaming subscription,1991.87,2025-02-08 02:27:48
Train ticket,273.92,2024-08-18 18:00:48
Tech gadgets,1393.88,2024-07-05 16:05:48
Tech gadgets,1454.02,2024-09-07 09:36:48
Airbnb stay,1232.46,2024-11-16 03:58:48
Concert ticket,436.89,2024-08-23 21:48:48
Concert ticket,201.41,2024-04-21 18:08:48
Pet food,719.27,2024-09-16 21:30:48
Water bill,1898.17,2024-02-11 15:37:48
Vet bill,426.58,2024-05-15 10:41:48
Wages,1574.23,2024-12-05 00:52:48
Parking fee,412.8,2024-02-08 12:29:48
Donation,434.25,2024-01-18 22:21:48
App store purchase,297.67,2024-06-07 05:25:48
Internet bill,1975.09,2024-07-05 20:51:48
Supermarket run,222.52,2024-01-21 05:34:48
Amazon purchase,718.41,2024-02-29 22:05:48
Gym membership,34.51,2024-11-24 04:34:48
Tech gadgets,843.66,2025-02-08 06:38:48
Rent payment,898.21,2024-10-04 13:05:48
Electricity bill,905.65,2024-12-15 10:40:48
Phone bill,1567.1,2024-01-20 08:09:48
Streaming subscription,917.71,2025-03-24 04:12:48
Online course,854.27,2025-02-11 13:57:48
Clothing,149.76,2025-02-25 19:04:48
Internet bill,134.17,2024-11-18 10:02:48
Donation,1098.07,2024-10-23 17:04:48
Flight ticket,591.91,2024-07-23 10:15:48
Electricity bill,1586.81,2025-02-08 09:01:48
App store purchase,1104.02,2024-01-20 23:15:48
Clothing,1776.52,2024-09-08 18:50:48
Shoes,799.26,2024-03-31 02:22:48
Medical bill,627.11,2024-11-28 18:33:48
Insurance,1846.2,2025-03-05 02:49:48
Monthly wages,189.18,2025-02-17 05:55:48
Concert ticket,1624.1,2024-06-28 04:05:48
Bus fare,1124.68,2024-04-30 02:16:48
Movie ticket,1747.59,2024-03-19 15:47:48
Phone bill,105.74,2024-11-11 10:23:48
Movie ticket,209.89,2024-07-22 23:33:48
Vet bill,965.93,2024-01-31 02:20:48
Bus fare,737.02,2024-03-13 21:06:48
Takeout,1615.02,2024-01-31 11:53:48
Gift,1228.31,2024-05-13 12:41:48
Charity,1858.38,2024-02-08 07:25:48
Amazon order,363.29,2024-04-13 19:44:48
Yoga class,703.99,2025-01-06 01:06:48
Vet bill,803.37,2025-01-25 06:02:48
Amazon order,186.24,2024-07-10 23:18:48
Pharmacy,908.93,2025-01-17 18:23:48
Phone bill,650.79,2024-06-21 10:37:48
Wages,313.69,2024-03-17 10:39:48
Insurance,165.92,2024-08-24 08:15:48
Airbnb stay,1215.33,2024-09-07 21:29:48
Software license,1026.16,2024-10-13 16:35:48
Car maintenance,1357.4,2024-06-08 14:09:48
Vet bill,618.91,2024-12-16 17:04:48
Wages,18.35,2024-11-04 22:53:48
Gas bill,1529.03,2024-11-10 19:35:48
Amazon purchase,996.28,2024-08-31 00:34:48
Bookstore,1066.57,2024-12-11 13:07:48
Vet bill,1612.98,2025-03-02 16:47:48
Tech gadgets,87.48,2025-03-29 14:44:48
Weekly wages,1724.63,2024-06-17 16:06:48
Online course,1419.87,2024-09-06 20:35:48
Online course,44.65,2024-10-23 23:51:48
Gift,921.81,2024-04-19 18:37:48
Medical bill,1689.44,2024-12-04 16:05:48
Online course,1049.35,2024-09-17 19:55:48
Yoga class,445.48,2024-03-06 00:38:48
Hotel booking,1267.55,2024-07-10 13:30:48
App store purchase,700.7,2024-03-31 08:50:48
Internet bill,474.83,2025-01-23 21:30:48
Supermarket run,1205.99,2024-03-14 09:38:48
Supermarket run,1902.73,2024-05-21 14:13:48
Software license,1128.78,2024-06-15 14:59:48
Parking fee,1287.05,2024-05-23 18:47:48
Birthday gift,634.33,2024-08-26 03:12:48
Clothing,1263.88,2024-02-25 21:05:48
Wages,705.83,2025-03-01 20:13:48
Clothing,78.1,2024-10-01 20:38:48
Pet food,1728.91,2024-01-27 03:03:48
Charity,1015.61,2024-08-14 11:07:48
Tech gadgets,1792.07,2024-08-20 11:01:48
Coffee,645.09,2024-08-07 13:33:48
Wages,902.69,2024-02-17 18:57:48
Monthly wages,1010.58,2025-01-10 04:27:48
Furniture,877.2,2024-08-26 13:09:48
Gift,320.02,2024-09-29 20:18:48
Pharmacy,1549.61,2024-04-25 10:39:48
Birthday gift,1295.67,2025-03-05 19:36:48
Bus fare,1357.72,2024-11-13 20:56:48
Vet bill,1928.93,2024-06-04 01:21:48
Monthly wages,1166.73,2025-01-25 18:23:48
Pet food,1397.86,2024-09-20 01:04:48
Furniture,1876.19,2024-10-31 12:18:48
Pet food,1583.95,2024-02-17 01:00:48
Home repair,1658.43,2024-03-25 07:44:48
Flight ticket,189.63,2024-04-29 16:10:48
Concert ticket,39.41,2024-11-01 00:29:48
Yoga class,1895.49,2024-08-02 23:28:48
Gas bill,312.43,2024-11-08 02:10:48
App store purchase,1080.92,2024-03-25 13:40:48
Vet bill,675.52,2024-03-11 10:34:48
Charity,755.31,2025-01-14 23:49:48
Home repair,1542.88,2024-02-18 23:56:48
Clothing,90.25,2024-10-03 07:56:48
Uber ride,1939.27,2024-05-30 19:54:48
Tech gadgets,1568.25,2024-12-09 12:27:48
Streaming subscription,1931.3,2024-03-02 13:45:48
Coffee,737.58,2024-06-19 15:13:48
App store purchase,565.7,2024-09-24 13:09:48
Pharmacy,1932.64,2024-02-14 22:51:48
Charity,279.38,2024-12-01 04:01:48
Rent payment,1748.61,2024-06-29 01:57:48
Flight ticket,1702.78,2024-11-14 02:54:48
Groceries,547.76,2024-07-20 00:49:48
Medical bill,186.15,2024-12-15 14:46:48
Movie ticket,1861.15,2024-09-08 04:17:48
Hotel booking,749.8,2024-09-23 03:19:48
Takeout,59.29,2025-02-16 07:01:48
Yoga class,1583.39,2025-01-28 04:24:48
Rent payment,1393.06,2025-01-26 07:12:48
Clothing,1231.85,2025-02-27 05:26:48
Cafe breakfast,1670.42,2024-07-01 06:04:48
Flight ticket,848.24,2024-03-06 20:27:48
Streaming subscription,246.33,2024-12-06 16:02:48
Gift,915.86,2025-02-10 14:04:48
Train ticket,35.82,2024-07-18 11:27:48
Furniture,289.72,2024-09-01 05:03:48
Movie ticket,483.41,2024-09-07 00:00:48
Vet bill,173.97,2024-10-06 03:09:48
Train ticket,1016.13,2024-07-22 12:41:48
Bookstore,1747.04,2025-03-16 09:18:48
Concert ticket,509.54,2025-03-30 17:52:48
Weekly wages,691.57,2024-03-28 08:02:48
Electricity bill,1543.69,2024-03-27 19:34:48
Amazon Marketplace,706.54,2024-10-16 09:31:48
App store purchase,1370.31,2024-04-16 14:02:48
Supermarket run,1623.56,2025-03-06 06:53:48
Shoes,76.86,2024-12-26 03:52:48
Coffee,1771.92,2024-10-28 20:10:48
Online course,1978.28,2024-07-03 14:26:48
Amazon Marketplace,1507.32,2024-12-31 20:20:48
App store purchase,98.46,2024-05-07 19:25:48
Water bill,1599.29,2024-08-27 16:55:48
Clothing,1789.59,2024-09-22 19:31:48
Airbnb stay,1385.06,2024-10-01 13:25:48
Monthly wages,1454.98,2025-02-26 16:04:48
Supermarket run,1092.31,2024-10-26 02:37:48
Gym membership,1322.86,2024-11-02 15:04:48
Furniture,853.95,2024-04-19 15:20:48
Clothing,87.58,2024-01-18 18:03:48
Medical bill,551.29,2024-02-28 04:38:48
Vet bill,1276.11,2024-10-03 12:51:48
Tech gadgets,1359.78,2025-03-24 00:48:48
Charity,1357.14,2024-08-27 04:34:48
Weekly wages,474.28,2024-05-12 18:19:48
Bookstore,1899.09,2025-03-22 10:33:48
Insurance,901.5,2024-09-30 18:14:48
Software license,156.54,2025-01-27 13:19:48
Online course,630.83,2024-11-16 22:35:48
Amazon order,1472.14,2024-07-26 13:18:48
Bus fare,238.17,2024-03-07 20:57:48
Clothing,431.5,2024-05-29 19:58:48
Airbnb stay,402.76,2025-01-29 03:14:48
Supermarket run,1797.66,2024-08-24 02:51:48
Insurance,1935.22,2024-10-26 08:20:48
Furniture,132.68,2024-07-04 19:45:48
Streaming subscription,1703.17,2024-04-08 06:43:48
Home repair,1276.49,2024-02-26 18:10:48
Takeout,245.36,2024-12-27 01:27:48
Airbnb stay,55.49,2024-06-28 11:19:48
Shoes,1607.91,2024-06-30 01:03:48
Monthly wages,134.3,2024-09-16 06:56:48
Rent payment,1052.81,2024-03-10 15:50:48
Parking fee,150.28,2024-10-27 09:38:48
Clothing,933.27,2024-07-17 18:34:48
App store purchase,1103.95,2024-06-11 23:53:48
Gas bill,866.94,2024-01-20 03:49:48
Water bill,1037.65,2024-11-04 00:32:48
Gym membership,1869.67,2024-12-13 18:09:48
Car maintenance,1692.33,2024-11-30 23:02:48
Bus fare,551.08,2024-05-22 20:03:48
Train ticket,189.58,2024-05-15 00:05:48
Donation,310.93,2024-05-05 09:56:48
Charity,677.23,2024-06-24 03:50:48
Amazon order,165.2,2024-05-14 11:26:48
Pet food,423.98,2024-06-19 16:03:48
Birthday gift,63.48,2024-05-21 12:24:48
Pet food,1913.43,2024-08-03 21:51:48
Insurance,813.97,2024-08-19 02:58:48
Wages,318.69,2024-09-07 14:13:48
Cafe breakfast,682.36,2025-01-24 18:47:48
Furniture,640.67,2024-01-23 18:17:48
Gas bill,1522.05,2024-07-18 12:36:48
Gym membership,485.75,2025-02-04 21:14:48
Uber ride,284.33,2025-03-13 20:18:48
Gift,838.02,2024-01-20 23:50:48
Gym membership,1867.7,2024-04-03 19:30:48
Software license,321.21,2024-07-18 15:11:48
Streaming subscription,996.25,2025-02-20 17:10:48
Shoes,1933.47,2024-12-18 11:20:48
Wages,103.93,2024-07-28 09:46:48
Pet food,1346.02,2024-11-12 12:42:48
Electricity bill,863.56,2024-11-23 06:19:48
Software license,808.3,2025-03-15 17:39:48
Parking fee,1124.95,2024-10-04 12:24:48
Weekly wages,774.54,2024-08-20 12:25:48
Gift,1361.76,2025-02-07 01:36:48
Online course,748.28,2024-10-16 12:19:48
Software license,291.1,2024-06-03 13:17:48
Hotel booking,83.39,2025-03-20 00:57:48
Yoga class,1608.52,2024-07-16 15:33:48
Charity,1786.58,2025-01-26 18:43:48
Gift,639.1,2024-09-18 09:55:48
Streaming subscription,1188.67,2024-07-22 13:08:48
Airbnb stay,1418.35,2024-11-05 13:50:48
Amazon order,738.61,2024-04-29 02:16:48
Donation,617.43,2024-04-01 07:02:48
Amazon order,1195.03,2024-11-23 08:52:48
App store purchase,1158.21,2024-12-12 06:39:48
Donation,962.46,2024-07-13 08:56:48
Gift,1549.89,2024-09-26 00:50:48
Insurance,486.67,2024-06-18 07:35:48
Coffee,40.82,2024-10-29 16:33:48
Pharmacy,1381.93,2024-09-09 12:53:48
Gift,1841.28,2024-01-17 05:56:48
Wages,1412.43,2024-07-16 23:07:48
Gym membership,1996.25,2024-08-06 13:18:48
Gym membership,1913.5,2024-08-15 12:21:48
Train ticket,710.51,2024-03-08 05:59:48
Pet food,1607.89,2024-11-23 10:12:48
Coffee,1914.8,2024-11-16 12:23:48
Takeout,1883.15,2024-11-06 19:57:48
Cafe breakfast,1381.41,2024-07-31 19:12:48
Movie ticket,1122.29,2024-02-25 06:25:48
Car maintenance,246.38,2024-04-26 12:18:48
Online course,1637.3,2024-03-09 01:24:48
Amazon Marketplace,577.4,2024-04-08 03:20:48
Clothing,1312.98,2024-03-21 14:29:48
Coffee,1656.42,2024-11-20 11:58:48
Fuel,277.13,2024-05-27 06:05:48
Uber ride,487.19,2024-04-30 13:28:48
Birthday gift,467.97,2025-02-15 16:21:48
Furniture,946.39,2024-04-25 01:42:48
Bus fare,1955.89,2025-01-17 16:01:48
Rent payment,956.46,2024-12-26 20:22:48
Car maintenance,1292.86,2024-03-11 03:01:48
Parking fee,466.74,2024-03-25 05:48:48
Amazon Marketplace,1826.72,2025-01-08 15:46:48
Supermarket run,1868.04,2025-03-20 16:52:48
Airbnb stay,375.06,2024-03-20 19:46:48
Amazon Marketplace,21.51,2024-06-21 10:36:48
Yoga class,571.27,2024-05-14 12:09:48
Airbnb stay,1778.85,2025-01-29 13:13:48
Fuel,388.04,2025-02-09 19:32:48
Phone bill,919.45,2024-11-27 07:31:48
Amazon purchase,1474.03,2024-02-28 20:06:48
Insurance,1515.29,2025-01-08 09:48:48
Birthday gift,1794.39,2024-02-09 16:10:48
Gym membership,176.22,2024-05-01 02:31:48
Gas bill,956.48,2024-12-02 05:26:48
Bookstore,473.34,2024-03-18 21:21:48
Streaming subscription,1166.17,2024-06-19 05:26:48
Pet food,721.03,2024-12-09 04:00:48
Water bill,932.39,2025-01-16 16:59:48
Hotel booking,1846.44,2024-04-12 19:58:48
Water bill,1278.51,2024-11-07 18:03:48
Takeout,440.6,2025-01-29 14:33:48
Shoes,1496.23,2024-06-01 18:16:48
Home repair,1099.82,2024-08-09 11:51:48
Vet bill,1651.73,2024-03-13 21:59:48
Software license,1192.84,2024-03-01 03:09:48
Clothing,1057.76,2024-10-05 02:44:48
Parking fee,227.08,2024-02-08 11:45:48
Hotel booking,406.71,2024-07-08 01:32:48
Gym membership,1709.41,2024-08-25 01:59:48
Cafe breakfast,1434.69,2024-08-01 02:45:48
Hotel booking,892.63,2025-03-10 15:34:48
Hotel booking,832.6,2024-06-24 04:07:48
Shoes,1346.52,2024-11-01 06:41:48
Online course,511.15,2025-04-06 06:29:48
Donation,148.84,2024-09-03 17:58:48
Weekly wages,1083.7,2025-03-09 02:43:48
Rent payment,66.37,2024-09-10 23:53:48
Gas bill,1532.36,2024-03-30 09:16:48
Concert ticket,1985.73,2024-09-24 14:47:48
Bookstore,753.16,2024-04-23 07:47:48
Train ticket,268.58,2024-01-23 18:35:48
Supermarket run,1985.72,2024-09-18 13:34:48
Phone bill,1957.51,2024-02-06 04:54:48
Amazon order,1957.05,2024-08-13 07:56:48
Train ticket,849.98,2024-09-25 22:27:48
Shoes,694.28,2024-11-17 22:43:48
Phone bill,1531.68,2025-03-22 08:16:48
Gift,1532.81,2025-03-30 22:29:48
Weekly wages,204.49,2025-03-21 15:04:48
Insurance,1407.46,2025-03-14 21:55:48
Amazon Marketplace,806.32,2024-12-09 12:29:48
Software license,1727.87,2025-03-11 01:10:48
Car maintenance,470.62,2024-03-29 11:22:48
Parking fee,1197.04,2024-04-28 19:27:48
Streaming subscription,1752.89,2024-05-04 13:28:48
Pharmacy,603.1,2025-03-07 12:05:48
Tech gadgets,1823.42,2024-05-22 08:15:48
Bus fare,992.75,2024-10-13 09:00:48
Bookstore,1572.25,2024-10-26 07:16:48
Pharmacy,300.99,2024-09-27 23:54:48
Train ticket,948.62,2024-01-29 22:23:48
Furniture,291.27,2024-08-14 04:07:48
Pharmacy,1935.67,2024-06-26 13:34:48
Bookstore,487.99,2024-12-24 19:01:48
Monthly wages,1844.69,2024-01-30 18:37:48
Train ticket,1450.0,2025-01-01 04:25:48
Bookstore,1348.32,2024-06-04 03:47:48
Weekly wages,378.76,2024-03-14 10:56:48
Vet bill,1119.02,2024-08-05 22:47:48
Yoga class,608.47,2025-03-31 22:43:48
Coffee,1924.27,2025-02-06 05:54:48
Rent payment,1829.14,2024-04-16 09:57:48
Cafe breakfast,795.07,2024-12-06 12:22:48
App store purchase,568.27,2024-08-12 12:01:48
Movie ticket,618.92,2024-10-05 12:46:48
Airbnb stay,933.61,2024-02-21 06:12:48
Software license,1679.94,2024-12-24 18:22:48
Pharmacy,94.29,2024-01-21 21:55:48
Internet bill,35.39,2024-06-28 11:05:48
Phone bill,836.9,2025-01-19 23:21:48
Takeout,761.54,2024-02-06 22:11:48
Bus fare,1310.25,2024-04-22 19:26:48
Software license,1643.72,2024-04-02 08:55:48
Airbnb stay,923.28,2024-03-28 18:32:48
Gas bill,1441.47,2024-07-31 23:44:48
Train ticket,1980.68,2025-03-08 13:40:48
Weekly wages,1890.54,2024-05-01 03:54:48
Amazon purchase,826.55,2024-02-01 09:28:48
Weekly wages,1415.22,2025-04-03 23:10:48
Shoes,748.28,2024-05-26 09:00:48
Gift,1825.76,2024-05-05 14:41:48
Amazon purchase,1065.83,2024-09-10 05:41:48
Flight ticket,1445.22,2024-07-07 20:41:48
Hotel booking,1626.87,2024-04-27 15:51:48
Supermarket run,216.71,2025-02-17 13:33:48
Uber ride,386.29,2024-07-12 20:50:48
Movie ticket,536.85,2024-09-17 03:19:48
Online course,919.62,2024-12-04 07:28:48
Streaming subscription,1369.03,2024-01-30 03:01:48
Pet food,1519.89,2025-02-19 17:18:48
Bookstore,1106.74,2025-03-10 09:42:48
Home repair,345.25,2024-07-26 16:01:48
Yoga class,1133.02,2024-01-25 01:45:48
Flight ticket,1838.55,2024-12-11 22:45:48
Home repair,1775.45,2024-08-07 21:40:48
Weekly wages,1369.8,2024-11-15 12:06:48
Vet bill,68.7,2024-01-28 19:41:48
Cafe breakfast,1175.31,2024-03-18 06:50:48
Online course,1857.96,2024-11-06 00:06:48
Uber ride,1134.69,2024-01-29 16:59:48
Train ticket,665.46,2024-03-17 06:34:48
Home repair,1449.15,2024-07-25 06:20:48
Wages,198.08,2024-12-11 03:21:48
Charity,1538.7,2024-06-07 16:53:48
Gym membership,62.16,2024-11-19 15:11:48
Takeout,713.55,2024-09-27 16:31:48
Insurance,1172.99,2024-09-26 02:53:48
Gift,592.87,2024-12-02 07:38:48
Monthly wages,538.14,2024-09-25 06:52:48
Birthday gift,311.09,2024-09-20 19:19:48
Electricity bill,185.77,2024-11-01 15:19:48
Software license,541.72,2025-01-31 03:31:48
Medical bill,899.34,2024-06-27 13:16:48
Electricity bill,55.45,2024-10-08 12:37:48
Charity,1197.29,2024-10-23 17:42:48
Car maintenance,829.38,2024-03-06 02:56:48
Bus fare,1810.7,2024-12-04 11:09:48
Groceries,1371.58,2025-01-12 01:25:48
Streaming subscription,539.01,2025-01-24 03:32:48
Medical bill,554.1,2024-11-05 13:52:48
Weekly wages,724.17,2024-12-02 06:02:48
Airbnb stay,1188.83,2024-12-28 15:36:48
Gas bill,611.4,2024-09-17 18:49:48
Gift,761.64,2024-01-22 19:14:48
Yoga class,862.94,2024-02-11 09:04:48
Gas bill,602.97,2024-06-03 07:30:48
Rent payment,630.42,2024-09-16 19:24:48
Tech gadgets,1390.83,2024-07-30 10:52:48
Uber ride,653.79,2024-11-15 17:19:48
Water bill,1864.34,2024-12-26 11:08:48
Supermarket run,1364.38,2024-07-01 04:56:48
Shoes,1886.12,2024-12-21 14:51:48
Car maintenance,1663.07,2025-03-03 15:59:48
Airbnb stay,280.94,2024-11-03 22:26:48
Vet bill,310.82,2024-09-03 17:38:48
Clothing,1981.43,2024-08-05 11:17:48
Train ticket,1014.71,2024-01-18 07:16:48
Train ticket,76.42,2024-10-05 06:45:48
Train ticket,1188.86,2025-02-24 01:53:48
Uber ride,1316.23,2024-10-09 00:01:48
Gift,91.46,2024-05-12 08:01:48
Online course,1933.72,2024-10-20 16:36:48
Amazon purchase,199.92,2024-12-15 12:55:48
Flight ticket,1117.31,2024-04-20 11:28:48
Clothing,750.12,2024-08-13 08:05:48
Home repair,1002.43,2024-10-14 05:12:48
Electricity bill,592.98,2025-02-24 01:49:48
Phone bill,285.93,2024-10-30 19:13:48
Cafe breakfast,1043.67,2024-10-11 14:36:48
Clothing,1444.82,2024-08-19 19:38:48
Streaming subscription,92.23,2024-04-10 02:41:48
Yoga class,1297.0,2024-04-26 23:43:48
Tech gadgets,490.09,2025-01-08 12:32:48
Yoga class,1121.02,2024-08-14 21:51:48
Online course,1260.63,2025-01-02 09:00:48
Medical bill,792.98,2024-03-26 09:46:48
Coffee,900.8,2024-08-31 17:42:48
Furniture,431.95,2024-11-16 06:51:48
Weekly wages,1155.96,2024-02-23 12:31:48
Concert ticket,653.99,2024-08-17 02:26:48
Vet bill,1725.69,2024-07-11 09:22:48
Charity,779.11,2024-09-19 11:35:48
Movie ticket,705.91,2024-08-16 10:31:48
Insurance,1412.86,2024-11-06 10:05:48
Monthly wages,1345.2,2024-10-30 02:27:48
Streaming subscription,236.55,2024-09-28 07:33:48
Hotel booking,778.76,2024-06-07 01:06:48
Bookstore,847.81,2024-08-01 09:08:48
Home repair,1838.56,2025-01-09 12:32:48
Airbnb stay,579.8,2025-01-02 18:49:48
Clothing,1239.96,2024-01-20 18:42:48
Airbnb stay,275.66,2024-02-15 17:07:48
Hotel booking,1307.18,2024-09-10 08:11:48
Pharmacy,1421.15,2024-08-23 14:32:48
Monthly wages,1132.1,2024-02-25 22:24:48
Amazon Marketplace,551.88,2024-07-06 20:32:48
App store purchase,916.27,2024-03-23 14:07:48
Hotel booking,229.08,2025-02-08 20:53:48
Train ticket,1647.1,2024-10-02 11:50:48
Software license,86.1,2024-04-04 15:08:48
Cafe breakfast,1979.58,2025-02-14 05:49:48
Pet food,1503.44,2024-11-07 04:14:48
Lyft ride,699.11,2024-02-15 03:14:48
Water bill,1551.94,2024-12-07 22:51:48
Tech gadgets,1177.08,2024-10-10 07:03:48
Birthday gift,858.05,2024-05-28 00:52:48
Cafe breakfast,1627.62,2024-02-21 04:06:48
Movie ticket,1065.96,2024-06-06 12:32:48
Gym membership,1958.06,2024-11-09 20:06:48
Fuel,1904.94,2024-07-18 07:50:48
Electricity bill,273.77,2024-03-19 15:44:48
Wages,1984.99,2024-01-20 09:34:48
Home repair,1732.56,2024-12-02 00:57:48
Gym membership,1657.48,2024-03-14 08:17:48
Airbnb stay,286.92,2024-05-19 21:02:48
Pharmacy,752.22,2025-02-28 08:52:48
App store purchase,188.91,2024-07-18 06:25:48
Home repair,1872.86,2024-10-01 15:11:48
Gym membership,1165.17,2024-01-19 06:37:48
Phone bill,1944.38,2024-05-17 07:58:48
Movie ticket,1700.66,2024-02-25 12:17:48
Cafe breakfast,1936.35,2024-02-10 23:11:48
Fuel,647.76,2024-11-13 19:07:48
Parking fee,263.8,2024-01-27 13:52:48
Yoga class,1788.63,2024-03-14 04:40:48
Electricity bill,1253.48,2024-02-04 15:41:48
Water bill,1859.08,2025-01-17 15:13:48
Amazon purchase,1983.7,2024-08-31 22:58:48
Gas bill,1764.65,2024-11-04 23:47:48
Fuel,189.4,2024-10-05 21:37:48
Concert ticket,1330.02,2024-05-11 00:39:48
Online course,1252.33,2024-04-01 06:54:48
Takeout,860.17,2025-02-20 07:36:48
Amazon purchase,429.2,2025-02-28 01:05:48
Takeout,1040.33,2024-08-24 05:42:48
Home repair,689.12,2025-02-05 15:58:48
Gas bill,956.97,2024-12-11 17:37:48
Phone bill,1612.5,2025-02-14 19:19:48
Streaming subscription,276.85,2024-03-08 01:01:48
Insurance,288.28,2024-07-10 11:42:48
Gift,1301.09,2024-08-25 17:56:48
Cafe breakfast,1257.28,2025-01-20 16:03:48
Insurance,886.44,2024-12-18 02:45:48
Electricity bill,282.61,2025-02-03 10:56:48
Bookstore,705.02,2024-08-31 18:52:48
Gas bill,497.83,2024-05-13 03:27:48
Bus fare,1203.2,2024-04-03 10:24:48
App store purchase,1882.73,2025-03-25 07:46:48
Streaming subscription,413.28,2024-06-01 13:30:48
Tech gadgets,785.33,2024-05-13 03:52:48
Uber ride,991.29,2025-02-09 22:11:48
Birthday gift,1189.08,2024-07-12 05:19:48
Gym membership,266.57,2024-01-23 11:16:48
Concert ticket,1094.07,2025-01-09 13:53:48
Weekly wages,36.33,2025-03-05 05:26:48
Cafe breakfast,82.53,2025-03-08 17:10:48
Car maintenance,1258.26,2024-07-25 16:15:48
Home repair,806.35,2024-05-15 12:08:48
Gift,307.9,2025-02-24 20:37:48
Hotel booking,1842.09,2024-02-20 01:08:48
Gym membership,783.29,2024-05-18 08:59:48
Pet food,135.03,2024-04-15 15:56:48
Uber ride,118.64,2025-02-22 16:35:48
Shoes,1225.76,2025-03-10 20:00:48
Tech gadgets,1317.13,2025-01-09 02:42:48
Furniture,277.01,2025-04-03 00:11:48
Movie ticket,1047.44,2024-03-03 06:26:48
Groceries,745.62,2024-03-20 20:56:48
Water bill,1543.55,2025-03-23 18:51:48
Medical bill,546.15,2025-03-06 20:57:48
Parking fee,1256.18,2024-07-27 15:10:48
Concert ticket,113.71,2024-01-24 11:32:48
Concert ticket,317.15,2024-03-09 01:45:48
Parking fee,1349.22,2025-02-07 21:55:48
Hotel booking,8.13,2024-01-25 05:27:48
Amazon Marketplace,945.11,2024-09-24 01:31:48
Amazon Marketplace,1107.07,2024-04-07 06:01:48
Pharmacy,451.36,2024-12-01 15:44:48
Phone bill,641.91,2024-02-11 03:06:48
Concert ticket,241.44,2024-04-29 04:31:48
Takeout,1609.26,2025-03-15 17:38:48
Shoes,1732.47,2024-03-07 20:22:48
Monthly wages,1107.52,2025-04-03 18:30:48
Car maintenance,1128.92,2024-11-03 06:03:48
Uber ride,929.46,2024-06-09 13:53:48
App store purchase,393.26,2024-07-02 22:33:48
Amazon purchase,1865.0,2025-03-26 22:08:48
Movie ticket,1272.98,2024-04-18 05:21:48
Amazon purchase,1518.58,2024-09-27 05:56:48
Streaming subscription,210.59,2024-07-10 22:16:48
Airbnb stay,1922.49,2025-01-25 07:25:48
Monthly wages,90.67,2024-12-10 13:16:48
Home repair,1791.47,2024-08-16 06:37:48
Donation,193.87,2025-01-29 08:50:48
Online course,152.44,2024-06-22 04:15:48
Vet bill,1928.54,2024-12-07 20:26:48
Gym membership,1852.31,2024-09-18 06:49:48
Tech gadgets,654.52,2024-08-19 21:28:48
Weekly wages,1887.28,2025-01-28 11:36:48
Internet bill,214.0,2024-08-20 15:22:48
Pharmacy,244.11,2024-10-06 23:14:48
Streaming subscription,928.3,2024-01-28 02:37:48
Groceries,1615.77,2024-11-03 06:58:48
Charity,83.54,2024-02-05 19:33:48
Monthly wages,1423.18,2024-10-07 17:10:48
Wages,1355.34,2024-11-26 00:41:48
Online course,1709.64,2024-06-27 06:07:48
Uber ride,192.17,2025-02-15 01:35:48
Amazon purchase,126.15,2024-03-04 22:34:48
Coffee,1647.88,2024-09-29 08:02:48
Pet food,170.83,2024-06-11 20:44:48
Weekly wages,46.53,2025-03-05 22:45:48
Pet food,888.53,2025-02-02 02:45:48
Yoga class,247.69,2024-08-15 04:32:48
Parking fee,868.01,2024-04-02 17:11:48
Amazon order,767.31,2024-09-02 00:20:48
Cafe breakfast,1816.88,2024-11-18 21:14:48
Internet bill,72.19,2024-05-25 10:27:48
Pet food,592.33,2024-09-09 12:12:48
Wages,178.18,2024-09-24 01:16:48
Coffee,1286.38,2024-02-24 13:27:48
Birthday gift,1988.19,2024-07-04 05:18:48
Furniture,720.15,2024-07-03 14:20:48
Parking fee,1006.28,2024-09-21 21:31:48
Amazon order,639.8,2024-12-17 04:45:48
App store purchase,564.02,2024-02-18 14:09:48
Movie ticket,1534.38,2024-12-10 00:36:48
Uber ride,1314.76,2024-11-22 11:50:48
Tech gadgets,114.65,2024-12-16 10:48:48
Bookstore,711.54,2024-02-04 00:31:48
Uber ride,1186.26,2024-02-20 05:58:48
Movie ticket,1828.22,2025-03-24 06:58:48
Movie ticket,1895.27,2024-06-24 01:06:48
Coffee,1673.88,2024-02-18 14:08:48
Streaming subscription,353.59,2025-03-20 03:39:48
Takeout,1204.52,2025-03-28 13:12:48
Amazon purchase,665.47,2024-05-28 22:51:48
Gas bill,683.5,2025-01-07 19:39:48
Amazon order,297.98,2024-04-13 00:53:48
Water bill,1693.42,2024-01-23 18:38:48
Concert ticket,1409.96,2024-05-03 17:05:48
Electricity bill,675.11,2024-10-25 01:32:48
Phone bill,1897.54,2024-02-27 09:11:48
Pet food,636.61,2024-04-10 11:58:48
Gift,1574.62,2024-12-14 08:05:48
Supermarket run,758.63,2024-03-28 07:24:48
Gas bill,357.88,2025-04-07 07:06:48
Online course,1701.96,2024-03-09 11:40:48
Supermarket run,1205.97,2024-02-18 10:28:48
Birthday gift,1132.4,2024-07-28 01:21:48
Tech gadgets,158.38,2024-10-12 19:32:48
Birthday gift,1770.98,2025-02-21 07:00:48
Birthday gift,1459.38,2024-10-18 15:42:48
Lyft ride,421.74,2024-04-19 03:20:48
Lyft ride,1574.68,2024-04-05 05:39:48
Bookstore,878.13,2024-09-05 23:46:48
Pharmacy,987.68,2024-09-26 18:08:48
Bookstore,205.55,2024-08-05 11:01:48
Software license,1375.26,2025-01-14 15:38:48
Amazon Marketplace,591.93,2024-10-26 21:36:48
Weekly wages,685.59,2024-09-27 23:56:48
Weekly wages,1095.45,2025-02-19 19:04:48
Gift,1786.77,2024-04-13 05:15:48
Pet food,332.5,2024-08-29 00:39:48
Electricity bill,664.2,2024-12-31 15:58:48
Bus fare,1444.91,2024-03-30 12:26:48
Vet bill,565.2,2024-12-08 02:39:48
Online course,1144.82,2024-02-02 14:33:48
Wages,723.58,2024-09-02 03:24:48
Vet bill,1251.31,2024-08-05 23:36:48
Amazon order,416.29,2024-05-16 20:37:48
Rent payment,1688.01,2024-11-01 17:12:48
Airbnb stay,1790.07,2024-11-24 03:01:48
Train ticket,776.89,2024-09-30 17:19:48
Supermarket run,893.21,2024-11-24 15:13:48
Lyft ride,454.81,2024-11-21 11:39:48
Internet bill,1505.21,2024-05-02 02:37:48
Vet bill,689.55,2024-07-04 15:54:48
Donation,457.34,2025-03-07 16:50:48
Flight ticket,839.01,2024-07-07 07:47:48
Rent payment,1146.71,2024-12-08 14:23:48
Monthly wages,791.42,2024-01-26 07:40:48
Hotel booking,1143.73,2024-07-17 10:59:48
Gift,297.45,2024-03-16 15:31:48
Groceries,1944.41,2024-02-19 23:34:48
Amazon Marketplace,848.48,2024-04-23 16:30:48
Birthday gift,298.31,2024-06-07 21:22:48
Phone bill,1828.61,2025-03-05 03:18:48
Bus fare,796.52,2024-10-23 21:09:48
Shoes,1834.57,2025-04-01 07:03:48
Donation,1046.56,2024-09-06 02:16:48
Internet bill,298.95,2024-06-10 10:54:48
Electricity bill,1850.08,2024-06-24 01:52:48
Car maintenance,1735.35,2024-01-13 17:46:48
Pharmacy,530.48,2024-05-07 14:06:48
Charity,947.67,2025-01-09 21:17:48
Internet bill,1237.63,2024-04-24 07:17:48
Amazon Marketplace,793.4,2024-01-13 18:58:48
Uber ride,101.43,2024-08-07 20:45:48
Concert ticket,43.41,2024-02-14 20:23:48
Fuel,1686.16,2024-01-24 06:59:48
Electricity bill,1945.08,2024-12-13 01:23:48
Tech gadgets,887.89,2024-02-10 19:25:48
Phone bill,835.3,2024-05-13 03:30:48
Clothing,425.15,2024-02-11 15:55:48
Airbnb stay,1519.71,2024-01-19 17:50:48
Wages,1031.99,2025-01-17 03:23:48
Furniture,1015.07,2025-01-28 12:46:48
Parking fee,60.81,2024-12-30 22:49:48
Wages,501.23,2024-08-18 03:44:48
Concert ticket,1410.15,2024-11-18 17:50:48
Shoes,1011.74,2024-05-18 01:59:48
Amazon order,486.15,2024-07-31 10:14:48
Supermarket run,1921.16,2024-08-08 11:07:48
Movie ticket,690.47,2024-02-04 20:55:48
Home repair,183.51,2025-03-24 17:39:48
Groceries,1708.08,2024-03-04 22:48:48
Takeout,1295.82,2024-04-26 23:25:48
Pet food,820.79,2025-03-28 08:42:48
Rent payment,1823.3,2024-05-12 00:04:48
Amazon purchase,449.87,2024-05-31 19:57:48
Furniture,1286.55,2024-09-03 16:48:48
Movie ticket,919.62,2024-12-17 15:23:48
Insurance,1042.71,2024-05-23 17:05:48
Electricity bill,17.67,2024-05-03 18:07:48
Pet food,1188.76,2024-11-14 19:59:48
Electricity bill,965.03,2024-10-17 21:02:48
Gym membership,1723.4,2024-11-25 08:57:48
Pet food,599.69,2025-01-21 12:54:48
Uber ride,1799.68,2024-02-20 10:17:48
Vet bill,641.21,2025-01-26 06:41:48
Pet food,996.25,2024-11-07 20:44:48
Pharmacy,810.98,2024-03-27 04:05:48
Furniture,1989.52,2024-02-15 23:21:48
Phone bill,1427.6,2024-04-21 12:02:48
Rent payment,1813.33,2024-04-29 18:10:48
Streaming subscription,1691.3,2024-02-02 07:46:48
Bus fare,364.73,2025-02-17 14:34:48
Tech gadgets,519.53,2024-02-19 11:54:48
Supermarket run,1894.01,2024-10-18 09:37:48
Takeout,712.5,2024-03-22 20:16:48
Yoga class,745.25,2024-06-12 20:13:48
Water bill,942.66,2024-01-20 09:05:48
Donation,1888.77,2025-03-02 13:46:48
Coffee,1002.45,2024-01-19 08:18:48
Flight ticket,598.82,2025-03-12 01:34:48
Coffee,687.31,2024-06-20 15:33:48
Gym membership,1725.2,2025-01-06 03:11:48
Yoga class,1263.17,2025-01-07 19:02:48
Wages,12.41,2024-11-18 22:54:48
App store purchase,339.71,2024-03-13 00:11:48
Software license,1560.17,2025-01-31 10:15:48
Birthday gift,860.53,2024-08-31 14:18:48
Amazon purchase,78.34,2024-12-26 06:19:48
Amazon purchase,1784.34,2024-03-16 13:30:48
Amazon order,1354.47,2024-05-22 06:27:48
Takeout,1387.97,2024-10-13 20:34:48
Electricity bill,768.95,2024-06-10 20:32:48
Weekly wages,1648.22,2024-11-06 20:13:48
Phone bill,1042.02,2024-07-13 19:15:48
Insurance,1990.96,2024-10-14 14:20:48
Software license,379.29,2024-02-17 17:41:48
Takeout,450.97,2025-01-30 22:56:48
Amazon order,1180.62,2025-01-12 02:19:48
Furniture,1302.13,2025-03-19 16:46:48
Birthday gift,513.81,2024-07-08 10:39:48
Charity,1989.38,2024-05-05 02:01:48
Amazon order,99.33,2025-02-07 16:14:48
Bookstore,249.82,2024-11-29 13:58:48
Internet bill,413.37,2024-04-21 09:42:48
Streaming subscription,843.48,2025-02-15 08:09:48
Fuel,1246.73,2024-04-15 01:16:48
Electricity bill,1024.63,2024-05-27 02:24:48
Water bill,1570.17,2024-07-27 23:04:48
Coffee,1556.58,2024-02-07 13:30:48
Movie ticket,1407.76,2024-11-08 00:40:48
Bus fare,994.22,2024-12-22 06:43:48
Rent payment,663.22,2025-04-07 05:00:48
Monthly wages,1814.04,2024-02-05 11:00:48
Airbnb stay,300.84,2025-02-20 13:38:48
Phone bill,1447.98,2024-11-27 09:28:48
Shoes,1977.37,2024-11-07 21:13:48
Wages,202.32,2025-01-09 03:48:48
Car maintenance,722.35,2024-04-26 19:15:48
Tech gadgets,234.45,2024-01-29 04:42:48
Gas bill,1327.72,2025-01-10 19:20:48
Clothing,1910.31,2024-11-21 06:37:48
Concert ticket,1630.48,2025-01-05 02:17:48
Online course,1924.73,2024-11-19 16:58:48
Rent payment,1600.4,2024-05-11 00:35:48
Gas bill,1393.25,2025-03-09 00:36:48
Pharmacy,1822.72,2024-08-03 10:59:48
Clothing,364.98,2024-09-25 18:03:48
Amazon order,1725.56,2024-01-13 05:45:48
Gas bill,967.71,2024-08-02 01:46:48
Pharmacy,883.05,2025-03-06 21:01:48
Gym membership,27.68,2024-01-19 08:09:48
App store purchase,1488.02,2024-04-02 11:28:48
Vet bill,1746.67,2024-07-16 12:58:48
Home repair,1237.62,2024-08-29 07:56:48
Uber ride,965.41,2024-05-03 08:01:48
Bookstore,299.86,2024-02-09 11:45:48
Gift,111.97,2024-05-14 00:10:48
Rent payment,1704.19,2024-01-19 00:38:48
Software license,984.82,2024-12-05 19:25:48
Wages,1015.34,2024-06-30 09:18:48
Online course,1634.76,2025-02-26 15:14:48
Parking fee,897.85,2024-01-25 14:14:48
Gym membership,240.06,2024-07-27 06:01:48
Amazon order,207.98,2024-09-09 04:07:48
Bus fare,3.34,2025-02-20 10:03:48
Birthday gift,611.28,2024-07-21 12:29:48
Pet food,1343.93,2024-10-15 17:50:48
Wages,1633.73,2024-01-31 15:21:48
Bus fare,1535.53,2024-06-04 13:57:48
Vet bill,728.5,2024-08-20 02:36:48
Software license,1318.84,2025-04-06 19:20:48
Birthday gift,1928.97,2024-11-09 12:09:48
Concert ticket,1405.09,2025-03-16 00:11:48
Gas bill,1644.21,2024-03-23 06:16:48
Electricity bill,510.82,2024-12-28 23:35:48
Online course,433.53,2024-02-10 22:57:48
Yoga class,218.21,2024-09-08 03:43:48
Birthday gift,1675.42,2024-06-11 01:53:48
Clothing,916.4,2024-06-10 13:34:48
Airbnb stay,11.66,2024-03-28 04:07:48
Medical bill,1678.12,2024-08-03 12:53:48
Supermarket run,1384.56,2025-01-09 05:50:48
Gas bill,209.8,2024-05-06 10:04:48
Gym membership,1009.71,2024-09-23 16:04:48
Home repair,1525.46,2024-11-18 17:21:48
Car maintenance,907.33,2025-01-30 01:16:48
Charity,1400.93,2024-03-20 13:23:48
Home repair,1096.97,2024-10-29 06:55:48
Bus fare,1266.27,2024-12-26 23:03:48
Furniture,583.29,2024-10-13 08:34:48
Furniture,1301.22,2025-01-06 13:08:48
Home repair,1274.84,2024-04-10 01:54:48
Movie ticket,1125.87,2024-06-13 11:00:48
Furniture,836.7,2024-03-21 12:24:48
Medical bill,1617.18,2024-07-15 02:41:48
Bookstore,293.22,2024-04-30 04:30:48
Fuel,1501.12,2025-01-15 19:59:48
Lyft ride,295.42,2025-03-07 06:52:48
Car maintenance,410.39,2024-07-05 04:20:48
Clothing,207.65,2024-01-19 07:55:48
Bus fare,1730.09,2024-03-23 09:07:48
Bookstore,477.48,2024-03-02 07:24:48
Home repair,1329.99,2024-09-24 17:16:48
Insurance,627.37,2024-06-30 04:42:48
Tech gadgets,504.93,2024-05-25 14:49:48
Takeout,1823.24,2024-04-12 07:01:48
Concert ticket,1510.95,2024-07-02 06:04:48
Coffee,1552.97,2024-12-29 20:14:48
Supermarket run,1966.96,2025-03-01 00:31:48
Tech gadgets,1029.15,2024-09-27 04:15:48
Fuel,1114.53,2025-02-01 00:05:48
Lyft ride,14.27,2024-08-12 06:43:48
Internet bill,82.76,2024-10-24 10:39:48
App store purchase,1864.97,2024-05-27 08:23:48
Airbnb stay,1580.45,2024-06-30 18:38:48
Furniture,637.76,2024-12-17 00:09:48
Weekly wages,1573.16,2025-01-16 16:08:48
Train ticket,808.62,2024-10-11 21:46:48
Cafe breakfast,1327.68,2024-10-20 18:24:48
Cafe breakfast,1900.77,2024-05-26 13:12:48
Bus fare,1647.91,2024-05-11 05:35:48
Vet bill,693.98,2024-12-05 09:03:48
Gift,489.92,2025-03-18 07:46:48
Gym membership,764.6,2024-02-26 02:18:48
Lyft ride,1081.85,2024-11-15 04:44:48
Flight ticket,1644.75,2024-09-28 12:51:48
Hotel booking,892.78,2025-03-16 19:45:48
Pet food,387.45,2024-07-19 03:36:48
Groceries,1943.34,2024-03-08 12:08:48
Amazon purchase,1254.99,2024-12-21 08:02:48
App store purchase,428.71,2024-04-22 15:49:48
Electricity bill,413.54,2024-02-08 06:46:48
Tech gadgets,1551.09,2024-05-12 02:55:48
Insurance,310.05,2024-08-15 07:21:48
Amazon Marketplace,177.78,2025-03-11 23:52:48
Lyft ride,1117.49,2024-06-17 21:44:48
Lyft ride,817.04,2024-08-20 09:17:48
Medical bill,634.86,2024-09-20 08:35:48
Train ticket,14.78,2024-04-04 10:38:48
Software license,1492.66,2025-03-15 06:48:48
Weekly wages,717.33,2024-07-25 02:24:48
Insurance,604.8,2025-02-22 19:54:48
Clothing,764.68,2024-02-12 08:41:48
Rent payment,315.18,2024-12-17 00:55:48
Online course,1594.15,2024-01-29 12:24:48
Birthday gift,290.72,2024-04-26 06:01:48
Concert ticket,1914.91,2025-04-02 11:47:48
Bus fare,285.32,2025-03-18 05:06:48
Charity,789.98,2024-07-02 03:23:48
Cafe breakfast,1497.35,2024-04-01 18:29:48
Pharmacy,1811.54,2024-01-28 13:33:48
Groceries,370.43,2024-05-27 21:30:48
Water bill,365.17,2024-02-23 10:48:48
Wages,1703.22,2024-06-30 15:01:48
Bus fare,149.07,2024-04-30 03:26:48
Electricity bill,397.24,2024-06-14 14:21:48
Movie ticket,259.05,2024-05-07 22:36:48
Car maintenance,1240.17,2024-12-29 19:11:48
Clothing,658.71,2024-05-05 19:58:48
Donation,307.33,2024-06-21 17:51:48
Gym membership,1917.44,2025-01-12 05:22:48
Uber ride,1571.96,2024-04-08 06:01:48
Medical bill,555.53,2024-10-06 00:59:48
Phone bill,665.13,2024-08-05 15:14:48
Movie ticket,1550.21,2024-08-01 12:36:48
Supermarket run,1292.17,2025-02-25 20:48:48
Gas bill,1782.92,2024-12-28 20:56:48
Birthday gift,155.7,2025-03-01 04:48:48
Hotel booking,1264.36,2024-02-16 11:05:48
Online course,1539.09,2024-12-21 04:07:48
Lyft ride,1088.31,2024-07-05 14:01:48
App store purchase,299.82,2024-09-19 21:45:48
App store purchase,1180.43,2024-01-25 20:34:48
Shoes,1003.74,2025-02-20 17:19:48
Hotel booking,24.15,2024-12-06 09:59:48
Groceries,1515.14,2025-01-26 15:32:48
Supermarket run,1134.02,2024-06-22 07:47:48
Internet bill,1472.63,2024-08-03 18:40:48
Takeout,1523.66,2024-12-11 03:26:48
Concert ticket,470.34,2024-04-30 23:09:48
Concert ticket,778.02,2024-08-19 04:40:48
Pet food,650.17,2024-04-12 13:02:48
Fuel,1670.24,2024-11-24 11:08:48
Parking fee,350.18,2024-05-08 17:19:48
Donation,1307.71,2024-02-06 03:09:48
Lyft ride,754.53,2024-12-14 13:17:48
Movie ticket,1635.02,2024-10-13 13:52:48
Rent payment,1774.68,2025-04-04 12:46:48
Gas bill,881.48,2024-12-12 03:10:48
Pet food,563.78,2025-01-22 00:32:48
Concert ticket,1205.23,2024-02-15 02:00:48
Takeout,830.98,2024-10-20 06:35:48
Rent payment,1351.43,2024-08-05 23:05:48
Groceries,1295.58,2024-09-10 05:27:48
Amazon Marketplace,258.39,2024-06-09 00:34:48
Birthday gift,1026.75,2024-06-19 01:39:48
Groceries,518.74,2025-01-05 13:17:48
Charity,1938.58,2024-05-17 04:46:48
Phone bill,1456.76,2024-02-12 20:37:48
Cafe breakfast,900.06,2024-08-09 14:32:48
Takeout,1661.24,2024-06-05 00:52:48
Donation,1641.45,2025-01-04 10:00:48
Hotel booking,531.25,2024-04-02 08:21:48
Shoes,1194.28,2025-03-03 22:18:48
Bookstore,267.03,2025-03-30 23:09:48
Hotel booking,1369.68,2024-02-10 01:04:48
Electricity bill,357.31,2024-05-28 10:40:48
Train ticket,1008.15,2025-02-07 03:12:48
Vet bill,263.27,2024-06-03 11:50:48
Amazon purchase,1794.25,2024-03-07 08:01:48
Medical bill,1045.52,2024-10-01 03:58:48
Flight ticket,859.63,2024-02-22 13:52:48
App store purchase,764.33,2024-06-10 05:44:48
Software license,1674.87,2024-06-18 02:15:48
Gas bill,511.27,2024-03-11 21:44:48
Monthly wages,568.68,2024-01-15 12:16:48
Lyft ride,380.47,2024-04-09 05:52:48
Amazon purchase,1157.24,2025-02-06 13:42:48
Bookstore,1310.13,2024-04-20 19:16:48
Concert ticket,215.85,2024-09-01 09:05:48
Lyft ride,524.82,2024-07-07 16:06:48
Concert ticket,1224.93,2024-04-24 16:54:48
Cafe breakfast,828.22,2024-03-02 12:12:48
Supermarket run,742.32,2024-06-27 14:26:48
Streaming subscription,1156.57,2024-03-07 07:17:48
Tech gadgets,278.72,2024-01-21 08:35:48
Tech gadgets,461.85,2024-03-03 07:32:48
Electricity bill,431.27,2024-09-14 18:51:48
Bus fare,1229.21,2024-04-22 07:39:48
Groceries,780.04,2024-05-18 04:51:48
Monthly wages,1647.04,2024-08-09 10:15:48
Monthly wages,130.97,2024-12-15 18:37:48
Charity,78.4,2024-09-23 17:03:48
Pet food,1043.45,2024-04-08 10:39:48
App store purchase,1641.0,2024-05-15 14:14:48
Amazon purchase,405.81,2024-05-06 13:24:48
Coffee,70.12,2024-06-05 13:09:48
Home repair,465.65,2025-01-11 08:40:48
Concert ticket,480.8,2025-04-08 00:37:48
Fuel,1560.01,2024-10-09 08:17:48
Online course,1173.4,2024-07-17 04:55:48
Furniture,140.03,2025-02-20 12:24:48
Phone bill,1660.04,2024-06-13 18:20:48
Fuel,454.91,2024-12-29 14:43:48
Online course,1151.09,2024-11-26 00:16:48
Hotel booking,215.61,2025-03-01 13:24:48
Yoga class,1894.19,2024-02-21 13:26:48
Train ticket,1626.86,2024-06-17 20:58:48
Clothing,1932.21,2024-06-23 13:53:48
Uber ride,1515.67,2024-03-06 14:59:48
Shoes,1793.36,2024-01-23 05:12:48
Water bill,517.87,2024-09-24 08:52:48
Takeout,1354.8,2024-12-11 19:16:48
Movie ticket,1034.46,2025-04-03 06:49:48
Lyft ride,498.77,2025-02-19 16:59:48
Tech gadgets,1642.69,2025-02-28 11:43:48
Supermarket run,954.68,2024-10-08 22:45:48
Parking fee,540.34,2024-03-21 07:43:48
Coffee,999.5,2024-12-26 21:55:48
Uber ride,1745.87,2024-12-23 22:30:48
Uber ride,1673.16,2024-10-08 00:53:48
Electricity bill,242.4,2025-02-26 08:00:48
Airbnb stay,1228.81,2024-03-12 12:40:48
Rent payment,744.28,2024-10-28 13:45:48
Parking fee,1737.93,2024-07-30 23:54:48
Hotel booking,562.69,2024-12-15 11:34:48
Wages,1052.89,2024-09-03 14:08:48
Amazon Marketplace,1006.44,2024-09-18 07:53:48
Supermarket run,916.02,2025-02-05 07:09:48
Shoes,633.36,2025-04-04 04:59:48
Cafe breakfast,760.72,2025-02-15 19:19:48
Gift,1724.1,2025-01-02 12:26:48
Uber ride,541.01,2024-05-29 19:19:48
Supermarket run,999.04,2024-12-21 15:58:48
Software license,746.5,2024-01-26 17:25:48
Clothing,362.24,2025-01-30 10:59:48
Takeout,1628.94,2024-04-03 20:51:48
Uber ride,1112.01,2024-01-25 17:30:48
Internet bill,1600.67,2024-03-26 01:12:48
Amazon purchase,355.68,2024-07-27 00:45:48
Birthday gift,1035.46,2024-04-04 18:52:48
Airbnb stay,602.17,2024-06-24 11:39:48
Online course,200.65,2025-01-15 04:29:48
Lyft ride,954.65,2024-05-21 02:14:48
Tech gadgets,671.31,2024-10-05 18:07:48
Bus fare,1863.89,2024-11-27 18:41:48
Pharmacy,245.11,2024-01-19 08:04:48
Coffee,1154.98,2024-05-10 09:08:48
Supermarket run,1958.81,2024-11-13 18:22:48
Insurance,1022.36,2024-03-07 06:14:48
Monthly wages,764.0,2024-11-12 15:02:48
Internet bill,1736.91,2024-05-15 19:16:48
Birthday gift,1225.78,2024-09-13 03:37:48
Groceries,689.22,2024-10-29 19:01:48
Car maintenance,1421.74,2024-06-02 09:17:48
Fuel,1775.72,2024-03-04 17:55:48
Donation,1043.31,2024-08-20 16:32:48
Supermarket run,1708.86,2025-02-02 06:27:48
Vet bill,505.54,2024-03-23 06:55:48
Monthly wages,423.51,2024-09-17 02:36:48
Weekly wages,1873.78,2024-08-08 12:39:48
Amazon order,1542.55,2024-07-14 03:36:48
Lyft ride,1237.35,2025-02-23 08:43:48
Bookstore,620.81,2024-12-02 06:24:48
Clothing,1254.08,2025-01-30 12:49:48
Groceries,60.06,2024-05-03 17:47:48
Gym membership,1728.89,2024-08-11 11:43:48
Fuel,1098.44,2025-01-28 07:08:48
Supermarket run,1182.89,2024-08-17 08:55:48
Birthday gift,1754.96,2024-08-28 13:02:48
Birthday gift,1068.97,2024-10-12 14:08:48
Takeout,1610.0,2024-08-24 20:19:48
Pharmacy,521.83,2024-11-04 05:42:48
Flight ticket,1631.31,2024-01-30 01:20:48
Car maintenance,939.99,2025-04-03 06:43:48
Airbnb stay,1894.07,2024-08-06 20:42:48
App store purchase,862.58,2024-11-09 10:28:48
Amazon purchase,1097.78,2025-01-01 15:46:48
Bus fare,875.9,2024-12-01 23:57:48
Tech gadgets,1293.04,2024-02-08 17:28:48
Lyft ride,161.18,2024-05-22 22:09:48
Software license,1600.52,2024-05-29 06:59:48
Fuel,571.5,2024-03-23 11:51:48
Fuel,827.57,2024-01-28 03:31:48
Gas bill,581.32,2024-05-16 15:03:48
Clothing,546.45,2024-05-24 14:30:48
Gym membership,41.73,2025-03-13 12:41:48
Supermarket run,1944.75,2024-11-14 21:34:48
Furniture,878.52,2025-04-03 22:37:48
Internet bill,32.41,2024-12-17 19:16:48
Streaming subscription,1572.09,2024-07-26 18:13:48
Home repair,1583.48,2024-10-21 02:49:48
Software license,1903.43,2025-03-10 20:53:48
Online course,145.56,2024-08-11 00:30:48
Lyft ride,1635.05,2024-02-09 05:35:48
App store purchase,1430.22,2024-09-22 15:27:48
Tech gadgets,1989.09,2024-12-27 14:55:48
App store purchase,190.64,2024-05-02 23:12:48
Bookstore,1363.84,2024-10-30 19:32:48
Birthday gift,1457.29,2024-03-22 12:09:48
Water bill,508.87,2024-05-16 20:30:48
Concert ticket,1775.38,2024-01-21 08:29:48
Water bill,474.22,2024-08-28 19:42:48
Groceries,1589.4,2024-06-13 02:17:48
Uber ride,20.83,2025-03-17 10:52:48
Home repair,952.12,2024-06-07 01:19:48
App store purchase,181.69,2025-01-17 14:37:48
Insurance,1238.43,2024-03-15 09:39:48
Wages,712.97,2025-01-19 07:08:48
Electricity bill,254.28,2024-12-09 19:07:48
Pet food,1514.12,2024-02-20 14:56:48
Coffee,45.64,2024-09-26 17:56:48
Gas bill,503.64,2025-03-18 13:57:48
Clothing,1119.37,2024-07-04 07:11:48
Coffee,1134.7,2024-07-03 18:22:48
Phone bill,938.38,2024-01-19 09:44:48
Bus fare,323.21,2024-07-11 01:14:48
Car maintenance,1639.38,2024-07-04 18:13:48
Amazon purchase,1552.51,2024-07-22 16:56:48
Supermarket run,1766.22,2024-05-25 17:53:48
Gift,479.86,2024-04-04 03:00:48
Train ticket,1638.64,2024-12-31 12:59:48
Airbnb stay,1532.17,2025-01-19 10:24:48
Gym membership,821.38,2024-10-26 02:36:48
Flight ticket,1318.81,2025-03-17 01:31:48
Amazon Marketplace,406.55,2024-08-02 23:36:48
Amazon Marketplace,1143.31,2024-02-04 17:00:48
Airbnb stay,1053.07,2024-04-13 11:26:48
Wages,734.61,2024-06-01 07:38:48
Amazon purchase,1860.63,2024-12-22 09:11:48
Monthly wages,937.71,2024-05-16 04:19:48
Bus fare,1487.72,2024-09-07 17:52:48
Furniture,119.43,2024-05-27 21:09:48
Amazon Marketplace,1469.4,2024-02-05 20:38:48
Cafe breakfast,1921.29,2025-02-18 01:56:48
Takeout,1064.73,2024-12-31 23:09:48
Vet bill,499.78,2024-05-23 00:07:48
Tech gadgets,1117.61,2024-03-22 01:53:48
Birthday gift,1154.4,2024-04-27 14:58:48
Vet bill,855.87,2025-02-13 23:52:48
Supermarket run,1101.28,2024-07-23 19:00:48
Groceries,1069.2,2024-06-04 14:43:48
Movie ticket,1805.26,2024-06-30 18:48:48
Concert ticket,826.45,2024-05-18 15:50:48
Phone bill,648.93,2024-12-05 11:08:48
Cafe breakfast,752.0,2024-06-30 06:26:48
Concert ticket,1923.42,2024-08-21 17:42:48
Phone bill,72.22,2024-11-13 10:41:48
Flight ticket,272.77,2024-11-05 05:23:48
Takeout,432.0,2024-10-29 04:53:48
Home repair,1645.21,2024-06-28 13:07:48
Parking fee,1852.07,2025-01-19 02:40:48
Shoes,713.24,2025-01-27 21:19:48
Donation,501.96,2024-11-27 20:37:48
Parking fee,801.4,2024-12-17 06:38:48
Phone bill,651.41,2024-08-04 00:11:48
Home repair,1406.59,2024-02-14 02:04:48
Pet food,602.89,2024-03-29 11:18:48
Monthly wages,1560.9,2024-03-09 19:20:48
Medical bill,834.79,2024-01-20 01:47:48
App store purchase,455.76,2024-05-08 09:43:48
Amazon purchase,1268.87,2024-05-19 17:39:48
Streaming subscription,1050.19,2024-10-26 12:06:48
Internet bill,655.68,2024-04-15 22:33:48
Wages,1348.25,2024-09-18 14:54:48
Charity,1151.78,2025-02-20 22:15:48
Car maintenance,1573.38,2025-01-23 01:21:48
Monthly wages,953.28,2024-03-23 04:07:48
Online course,527.33,2024-09-15 13:15:48
App store purchase,1396.65,2024-03-14 01:12:48
Bus fare,398.62,2024-09-17 09:06:48
Coffee,1123.65,2024-03-27 13:27:48
Uber ride,146.07,2024-03-06 16:22:48
Insurance,1848.5,2025-02-22 02:00:48
Pharmacy,848.81,2024-10-11 23:22:48
Movie ticket,1188.97,2025-03-26 20:32:48
Movie ticket,1233.59,2024-02-21 15:03:48
Internet bill,882.61,2024-02-14 22:30:48
Insurance,749.52,2024-03-16 05:48:48
Monthly wages,227.41,2025-03-11 22:03:48
Internet bill,1737.9,2024-02-13 20:42:48
Yoga class,1388.51,2025-02-10 20:14:48
Rent payment,48.43,2024-12-21 06:08:48
Cafe breakfast,409.99,2024-07-14 21:07:48
Rent payment,1247.21,2025-01-25 06:58:48
Vet bill,39.72,2024-06-13 08:09:48
Amazon Marketplace,513.15,2025-03-08 20:30:48
Home repair,1237.08,2025-03-11 15:01:48
Amazon purchase,136.0,2024-05-04 21:00:48
Vet bill,722.36,2025-02-12 05:24:48
Pet food,774.89,2024-09-25 12:57:48
Electricity bill,1808.03,2024-08-02 10:08:48
Monthly wages,375.28,2024-07-25 15:07:48
Furniture,45.91,2024-12-02 13:23:48
Yoga class,981.4,2024-03-23 00:41:48
Movie ticket,1369.57,2024-10-08 09:23:48
Uber ride,1992.0,2024-07-25 20:51:48
Wages,1252.71,2024-01-14 16:46:48
Amazon order,1888.44,2024-11-15 22:33:48
Yoga class,1794.66,2024-05-07 01:37:48
Phone bill,766.27,2024-04-25 09:47:48
Birthday gift,1373.99,2024-09-06 22:06:48
Internet bill,854.65,2024-10-30 10:21:48
Clothing,1085.84,2024-12-23 09:34:48
Donation,1084.08,2024-02-23 22:47:48
Gas bill,620.07,2024-04-11 12:44:48
Gas bill,861.84,2024-03-10 01:01:48
Parking fee,1834.47,2024-10-28 03:07:48
Train ticket,1897.36,2025-02-07 00:22:48
Internet bill,1454.98,2024-03-12 18:46:48
Pharmacy,1922.51,2024-11-03 14:55:48
Birthday gift,1866.7,2024-11-19 00:53:48
Coffee,216.22,2025-01-04 04:54:48
Gift,1235.04,2024-06-01 11:03:48
Takeout,1193.93,2024-12-10 08:41:48
Movie ticket,161.71,2024-03-04 14:34:48
Hotel booking,1692.74,2024-08-10 07:01:48
Concert ticket,370.4,2024-09-21 14:12:48
Gas bill,330.08,2024-12-14 04:16:48
Software license,1937.72,2024-11-20 16:28:48
Tech gadgets,1343.66,2024-12-25 23:38:48
Supermarket run,1854.43,2024-08-26 10:11:48
Home repair,651.82,2024-08-16 22:15:48
Online course,1553.1,2024-05-31 05:50:48
Bookstore,1441.24,2024-09-18 09:55:48
Parking fee,1188.83,2024-07-13 08:46:48
Furniture,1574.48,2024-07-16 02:14:48
Shoes,1654.54,2025-03-17 22:09:48
Train ticket,793.04,2024-03-28 04:07:48
Bookstore,1033.7,2024-05-21 04:30:48
Car maintenance,880.79,2024-11-03 20:13:48
Groceries,846.66,2024-05-30 03:58:48
Flight ticket,1807.64,2024-08-13 09:14:48
Monthly wages,1446.13,2025-02-09 23:53:48
Donation,1875.87,2024-04-16 12:34:48
Online course,828.88,2024-08-21 05:31:48
Shoes,1181.86,2024-04-08 22:46:48
Shoes,183.09,2024-10-24 07:01:48
Furniture,1593.58,2024-04-05 06:35:48
Monthly wages,230.99,2024-08-20 09:19:48
Monthly wages,1049.06,2024-09-23 05:52:48
Hotel booking,1225.31,2025-01-16 17:07:48
Bookstore,90.68,2025-01-10 19:06:48
Vet bill,1725.76,2025-01-15 01:31:48
App store purchase,1424.96,2024-09-05 20:23:48
Phone bill,1537.95,2024-08-22 20:02:48
Supermarket run,237.76,2025-01-30 23:42:48
Gift,1531.5,2025-04-01 15:11:48
Airbnb stay,1088.37,2025-04-05 09:46:48
Airbnb stay,478.04,2024-06-10 08:12:48
Shoes,822.07,2025-02-26 10:04:48
Amazon purchase,491.69,2024-07-01 21:03:48
Birthday gift,1116.42,2024-02-10 23:39:48
Supermarket run,299.07,2024-05-08 18:40:48
Internet bill,1708.1,2024-05-01 10:49:48
Charity,598.99,2025-02-23 04:36:48
Pharmacy,1987.49,2025-01-15 08:24:48
Gift,1322.87,2024-04-14 10:06:48
Bus fare,357.31,2024-08-17 06:05:48
Concert ticket,1863.17,2025-02-19 20:22:48
Concert ticket,1795.37,2024-02-14 02:54:48
Medical bill,1687.09,2025-03-05 20:12:48
Gas bill,246.68,2024-01-23 21:21:48
Flight ticket,829.27,2024-12-21 07:29:48
Gift,119.19,2024-06-19 06:02:48
Flight ticket,1974.42,2024-08-03 05:58:48
Charity,1867.98,2024-04-11 20:15:48
Charity,1696.05,2024-11-26 13:06:48
Gift,709.65,2025-01-31 10:06:48
Airbnb stay,1040.85,2024-05-19 14:11:48
Supermarket run,1767.68,2024-12-09 07:24:48
Coffee,6.16,2025-03-26 15:02:48
Water bill,1475.72,2024-12-22 10:16:48
Pharmacy,93.85,2024-10-10 11:51:48
Birthday gift,427.04,2024-05-15 22:58:48
Car maintenance,511.07,2025-03-04 20:23:48
Hotel booking,1101.34,2024-03-12 05:35:48
Insurance,668.57,2024-09-17 06:06:48
Gift,1920.35,2024-02-07 00:30:48
Yoga class,1668.15,2024-04-28 13:44:48
Rent payment,1595.12,2024-05-13 01:12:48
Internet bill,1255.52,2024-01-21 11:45:48
Yoga class,926.55,2024-02-16 15:43:48
Tech gadgets,114.88,2024-07-15 20:06:48
Phone bill,1357.36,2024-06-27 12:41:48
Cafe breakfast,1156.06,2024-10-20 18:38:48
Internet bill,563.08,2025-03-23 19:18:48
Birthday gift,1069.94,2025-01-13 11:04:48
Bookstore,377.2,2025-02-07 19:57:48
Gym membership,1420.55,2024-11-19 16:37:48
Airbnb stay,1754.47,2024-09-29 14:49:48
Streaming subscription,434.63,2024-11-05 00:35:48
Concert ticket,1570.53,2024-03-05 22:44:48
Monthly wages,889.22,2025-03-26 13:45:48
Hotel booking,310.69,2024-10-15 13:56:48
Flight ticket,622.79,2024-10-23 00:53:48
Electricity bill,1644.81,2024-07-17 08:34:48
Cafe breakfast,1449.97,2024-08-15 16:57:48
Flight ticket,234.32,2024-10-31 03:59:48
Charity,1744.13,2024-10-19 14:46:48
Amazon Marketplace,208.9,2024-03-11 07:55:48
Streaming subscription,47.89,2024-03-15 20:02:48
Cafe breakfast,643.8,2024-12-30 20:25:48
Train ticket,640.34,2024-08-25 08:35:48
Fuel,301.19,2024-11-19 02:42:48
Gift,1120.57,2025-02-14 23:08:48
Movie ticket,1100.08,2024-11-21 00:57:48
Car maintenance,1149.44,2025-01-11 03:23:48
Gift,1784.81,2024-07-05 15:39:48
Gas bill,60.9,2024-04-28 04:36:48
Bookstore,110.44,2024-09-01 17:31:48
Furniture,1193.45,2024-06-08 08:49:48
Home repair,1399.63,2024-05-27 18:23:48
Yoga class,1635.43,2024-04-07 07:51:48
Train ticket,159.86,2024-03-17 15:06:48
Gas bill,188.55,2024-02-22 07:13:48
Electricity bill,912.8,2024-04-22 08:57:48
App store purchase,932.4,2024-12-10 22:33:48
Gift,518.33,2024-10-03 17:31:48
Home repair,1834.78,2024-10-20 19:13:48
Airbnb stay,63.44,2024-08-08 02:20:48
Rent payment,924.1,2025-01-10 19:53:48
Movie ticket,1210.07,2025-02-01 13:36:48
Online course,1635.65,2024-02-26 02:22:48
Bus fare,1299.95,2024-02-27 20:08:48
Shoes,803.43,2024-09-08 22:03:48
Uber ride,1097.25,2024-08-04 17:38:48
Yoga class,418.85,2024-04-17 11:15:48
Medical bill,1135.72,2024-10-14 11:58:48
Uber ride,348.65,2024-05-01 02:55:48
Furniture,1149.65,2024-08-02 02:05:48
Charity,927.43,2024-06-28 01:50:48
Clothing,354.82,2024-09-13 03:04:48
Electricity bill,1371.96,2024-06-06 17:22:48
Airbnb stay,1291.04,2025-03-08 03:29:48
Gas bill,1774.86,2024-03-17 08:51:48
Amazon purchase,1514.88,2024-05-05 01:14:48
Train ticket,585.13,2024-05-27 11:14:48
Coffee,413.71,2024-01-14 19:23:48
Parking fee,1589.31,2024-04-25 19:44:48
Medical bill,1436.43,2024-10-14 03:05:48
Amazon purchase,1224.15,2024-07-20 16:48:48
Gas bill,1705.45,2025-03-07 17:45:48
Bus fare,1935.9,2025-04-07 07:07:48
Movie ticket,222.07,2024-11-15 05:27:48
Medical bill,1405.34,2024-09-18 09:22:48
Furniture,767.43,2024-09-24 16:08:48
Cafe breakfast,1325.99,2024-08-08 01:30:48
Bus fare,771.04,2024-10-05 16:33:48
Car maintenance,1994.92,2024-04-30 01:34:48
Amazon purchase,146.28,2025-03-31 00:56:48
Airbnb stay,1316.88,2025-01-29 03:34:48
Pet food,1612.47,2024-01-23 14:45:48
Home repair,1210.05,2024-09-02 10:31:48
Shoes,1020.3,2024-06-29 15:18:48
Movie ticket,453.8,2024-09-02 10:42:48
Parking fee,997.82,2024-03-29 21:57:48
Hotel booking,540.69,2024-07-02 11:19:48
Amazon Marketplace,1956.53,2024-06-21 13:57:48
Concert ticket,228.99,2024-08-04 07:37:48
Internet bill,1461.18,2024-07-12 21:13:48
Flight ticket,159.23,2024-05-31 03:27:48
Rent payment,1262.43,2024-05-03 08:38:48
Insurance,1268.47,2024-02-24 11:23:48
Gift,108.39,2024-10-14 11:53:48
Amazon purchase,939.33,2024-07-19 14:06:48
Phone bill,665.03,2024-10-09 20:24:48
Groceries,73.55,2024-06-06 06:23:48
Phone bill,1570.69,2024-11-26 04:02:48
Rent payment,1157.55,2024-06-19 04:00:48
Car maintenance,1618.36,2024-05-24 05:24:48
Airbnb stay,167.77,2024-07-24 02:48:48
Fuel,506.35,2024-05-27 21:25:48
Lyft ride,31.36,2025-02-09 10:31:48
Donation,1478.72,2024-05-05 15:19:48
Supermarket run,524.72,2024-04-14 22:11:48
Supermarket run,1599.35,2024-01-23 04:21:48
Monthly wages,1934.79,2024-06-08 00:49:48
Airbnb stay,1506.26,2024-09-08 17:27:48
Vet bill,882.05,2024-05-17 00:29:48
Parking fee,1469.52,2024-10-14 04:01:48
Lyft ride,1511.7,2025-02-08 04:32:48
Shoes,799.29,2024-11-04 13:55:48
Software license,1845.15,2024-12-09 16:59:48
Furniture,781.97,2024-11-25 01:09:48
Medical bill,26.69,2024-02-24 15:18:48
Insurance,633.43,2024-07-10 08:40:48
Electricity bill,1835.67,2024-05-16 17:48:48
Medical bill,1222.14,2024-05-09 21:21:48
Fuel,536.37,2025-02-16 21:01:48
Donation,784.13,2024-03-08 07:55:48
Uber ride,1469.42,2024-06-10 23:09:48
Yoga class,1356.4,2025-01-05 19:07:48
Amazon purchase,1346.59,2024-02-08 03:42:48
Pharmacy,198.1,2025-02-13 08:14:48
Movie ticket,441.17,2024-11-13 21:30:48
Amazon Marketplace,50.33,2025-02-20 04:04:48
Vet bill,1788.25,2024-12-17 10:02:48
Water bill,1417.03,2025-02-06 02:48:48
Charity,262.42,2024-05-06 09:06:48
Supermarket run,1792.32,2024-04-17 00:26:48
Car maintenance,935.51,2025-02-28 09:13:48
Fuel,1539.41,2024-04-18 07:53:48
App store purchase,648.84,2025-01-16 03:25:48
App store purchase,127.59,2024-09-21 19:39:48
Lyft ride,1911.34,2024-11-24 00:14:48
Weekly wages,984.97,2024-12-26 10:17:48
Supermarket run,1292.03,2025-02-12 01:08:48
App store purchase,864.21,2024-05-28 09:36:48
Clothing,1431.65,2025-02-15 04:38:48
Weekly wages,1143.98,2024-11-30 15:41:48
Airbnb stay,300.26,2024-05-16 04:43:48
Amazon Marketplace,1330.22,2024-11-23 00:58:48
Yoga class,1809.52,2024-06-18 05:10:48
Furniture,1880.0,2024-07-30 14:15:48
Online course,1688.57,2024-03-05 03:08:48
Takeout,9.6,2024-04-20 14:35:48
Parking fee,1072.0,2024-10-06 18:59:48
Streaming subscription,803.03,2024-05-19 09:37:48
Concert ticket,1070.65,2024-10-16 02:49:48
Shoes,1521.62,2024-11-10 09:30:48
Supermarket run,1110.29,2024-09-23 08:30:48
Streaming subscription,1392.68,2025-02-12 08:58:48
Movie ticket,974.55,2024-05-19 14:55:48
Coffee,282.47,2024-12-31 04:56:48
Donation,479.25,2024-09-21 02:52:48
Train ticket,1287.89,2024-07-26 11:49:48
Clothing,1933.25,2025-03-31 04:21:48
Wages,677.42,2024-04-04 04:17:48
Water bill,425.72,2024-05-08 08:09:48
Shoes,1880.36,2024-01-18 12:33:48
Tech gadgets,1159.95,2025-03-03 03:55:48
Internet bill,979.32,2025-03-29 13:44:48
Gift,94.47,2024-04-13 09:34:48
Amazon purchase,346.98,2025-03-13 19:50:48
Electricity bill,914.0,2025-01-10 11:38:48
Electricity bill,231.02,2024-06-07 10:28:48
Weekly wages,1609.49,2024-09-01 18:51:48
Tech gadgets,1357.76,2024-10-24 01:59:48
Parking fee,1093.13,2024-10-25 22:54:48
Amazon Marketplace,1187.39,2024-10-19 03:35:48
Fuel,285.05,2024-09-07 23:58:48
Concert ticket,1108.16,2024-08-26 21:43:48
Donation,84.28,2025-02-15 09:03:48
Bookstore,1555.99,2025-03-30 14:37:48
Amazon purchase,17.43,2025-02-21 07:01:48
Donation,1774.17,2024-09-06 06:51:48
App store purchase,953.6,2025-02-02 23:33:48
Birthday gift,544.09,2024-08-20 16:27:48
Supermarket run,1222.24,2025-03-19 10:31:48
Furniture,1001.28,2025-02-21 08:50:48
Streaming subscription,697.66,2025-04-05 12:27:48
Coffee,237.66,2024-07-11 02:03:48
Concert ticket,1725.87,2024-07-05 13:28:48
Shoes,1541.35,2024-05-05 23:25:48
Wages,389.86,2024-02-26 00:59:48
Rent payment,996.54,2025-01-16 07:43:48
Amazon Marketplace,110.89,2024-10-03 20:29:48
Medical bill,505.01,2024-05-27 15:40:48
Electricity bill,1481.61,2024-07-07 00:32:48
Amazon order,971.67,2025-02-08 02:45:48
Uber ride,1443.64,2024-06-08 11:22:48
Pharmacy,399.91,2024-04-26 19:28:48
App store purchase,222.94,2024-12-13 02:27:48
Tech gadgets,826.95,2024-12-26 16:45:48
Takeout,149.84,2024-06-12 14:39:48
Medical bill,292.45,2024-05-30 15:31:48
Bookstore,748.85,2024-08-16 06:30:48
Birthday gift,719.1,2024-11-20 23:21:48
Gas bill,67.09,2024-06-21 04:25:48
Gas bill,224.89,2024-08-12 15:16:48
Groceries,1521.4,2024-12-16 20:04:48
Groceries,1579.73,2024-05-16 09:45:48
Groceries,1157.51,2024-06-28 22:37:48
Pharmacy,1714.38,2024-07-31 23:05:48
Rent payment,1674.47,2024-11-17 04:56:48
Medical bill,1473.15,2024-12-02 22:22:48
Medical bill,1160.2,2024-06-10 00:44:48
Parking fee,1796.81,2024-09-07 04:40:48
Rent payment,1467.75,2024-07-24 04:15:48
Flight ticket,790.46,2024-02-18 06:50:48
Electricity bill,906.53,2024-12-06 03:07:48
Software license,27.81,2024-03-29 16:29:48
Gas bill,718.74,2024-12-06 09:37:48
Amazon order,961.13,2024-11-02 23:57:48
Shoes,1716.27,2024-03-21 11:41:48
Shoes,929.13,2025-01-27 07:17:48
Supermarket run,1580.35,2024-09-30 09:13:48
Furniture,1267.9,2024-01-23 09:38:48
Bookstore,1787.19,2024-10-19 13:40:48
Car maintenance,853.53,2024-11-20 07:03:48
Train ticket,1151.73,2024-12-22 08:37:48
Gift,1762.05,2024-03-28 04:10:48
Insurance,729.89,2025-03-13 02:18:48
Concert ticket,932.31,2025-03-18 18:19:48
Supermarket run,1297.4,2024-04-13 03:07:48
Furniture,1547.83,2025-01-27 19:27:48
Train ticket,229.77,2024-08-06 05:54:48
Donation,1742.65,2024-04-13 22:54:48
Tech gadgets,1522.49,2024-10-25 17:45:48
Fuel,1008.62,2024-09-03 21:39:48
Weekly wages,747.51,2024-08-19 14:10:48
Flight ticket,1659.63,2024-08-10 07:08:48
Insurance,1651.28,2024-11-09 15:03:48
Concert ticket,1600.41,2024-04-19 03:30:48
Shoes,177.36,2024-09-20 00:24:48
Weekly wages,221.4,2024-11-18 01:58:48
Internet bill,994.17,2024-01-16 23:09:48
Birthday gift,48.31,2024-09-06 08:08:48
Gas bill,949.39,2024-09-04 14:55:48
Pet food,45.9,2025-01-02 03:41:48
Takeout,1670.39,2024-07-15 09:21:48
Pharmacy,1158.67,2024-05-07 08:52:48
Gym membership,973.84,2024-05-02 07:09:48
Bus fare,892.18,2024-11-03 11:34:48
Streaming subscription,345.96,2024-11-25 22:12:48
Concert ticket,1941.54,2024-03-10 04:33:48
Movie ticket,570.91,2025-01-12 09:43:48
Groceries,1424.49,2024-11-13 00:31:48
Furniture,1386.64,2024-05-02 01:32:48
Uber ride,236.48,2024-10-27 11:34:48
Clothing,523.03,2025-01-03 23:07:48
Furniture,72.27,2024-10-27 18:33:48
Concert ticket,898.51,2025-01-14 12:23:48
Water bill,1841.11,2024-09-12 13:53:48
Internet bill,1895.73,2024-10-27 01:42:48
Tech gadgets,1093.65,2024-07-22 19:01:48
Furniture,593.23,2024-11-10 11:00:48
Internet bill,1599.75,2024-03-30 15:21:48
Home repair,227.29,2024-08-06 04:34:48
Insurance,1103.27,2024-11-02 05:17:48
Gift,1682.23,2024-08-22 18:37:48
Gym membership,112.9,2024-05-14 23:05:48
Flight ticket,446.62,2024-03-11 21:30:48
Amazon order,169.93,2024-01-29 14:59:48
Vet bill,1915.37,2024-07-19 17:30:48
Airbnb stay,637.56,2024-06-02 13:39:48
Vet bill,724.05,2025-01-22 06:48:48
Medical bill,741.15,2024-09-30 05:24:48
Movie ticket,704.66,2024-08-22 12:37:48
Cafe breakfast,1456.52,2024-08-23 06:16:48
Clothing,579.4,2024-02-20 05:45:48
Medical bill,1458.03,2024-09-08 00:49:48
Donation,1197.08,2025-01-24 23:23:48
Rent payment,1976.8,2024-07-13 19:38:48
Donation,1512.96,2025-02-22 05:16:48
Birthday gift,1829.08,2024-09-08 00:07:48
Shoes,1421.36,2024-03-18 01:30:48
Supermarket run,1665.07,2024-11-10 12:11:48
Amazon Marketplace,1646.13,2024-11-04 11:23:48
Airbnb stay,1119.88,2024-08-13 22:41:48
Amazon purchase,310.59,2024-11-05 08:49:48
Birthday gift,946.66,2024-05-08 07:45:48
Car maintenance,836.06,2024-07-30 07:01:48
Uber ride,59.8,2024-03-12 21:11:48
Weekly wages,1198.99,2024-10-04 11:12:48
Parking fee,873.83,2024-11-26 08:59:48
Rent payment,1948.59,2024-02-15 02:19:48
Hotel booking,1466.72,2025-03-30 21:32:48
Donation,119.85,2024-10-26 14:46:48
Home repair,273.59,2025-01-15 04:25:48
Concert ticket,840.77,2024-10-08 04:24:48
Car maintenance,1060.64,2025-02-27 13:30:48
App store purchase,1257.18,2024-03-13 02:04:48
Software license,336.77,2024-10-24 18:50:48
Insurance,1600.35,2024-11-20 07:58:48
Home repair,726.96,2024-07-08 11:20:48
Internet bill,28.76,2024-07-16 20:19:48
App store purchase,971.34,2024-10-16 00:36:48
Cafe breakfast,311.65,2024-12-15 22:52:48
Bus fare,1228.02,2024-02-07 12:48:48
Train ticket,1425.96,2024-04-14 02:16:48
Shoes,1832.31,2025-02-08 00:43:48
Amazon order,960.6,2024-10-30 07:19:48
Gas bill,1634.63,2024-06-06 12:54:48
Yoga class,346.9,2024-11-04 04:55:48
Water bill,447.05,2024-01-25 07:33:48
Home repair,455.47,2025-02-02 23:34:48
Monthly wages,851.34,2024-03-14 02:38:48
Amazon order,1550.06,2024-03-16 16:40:48
Coffee,218.31,2024-02-26 08:10:48
Donation,121.35,2025-02-06 21:40:48
Weekly wages,605.39,2025-04-03 01:52:48
Water bill,1840.44,2024-12-23 10:45:48
Coffee,372.01,2024-10-11 05:37:48
Internet bill,1692.19,2024-11-16 11:20:48
Movie ticket,323.63,2024-07-25 06:03:48
Uber ride,1011.3,2025-03-05 01:50:48
Donation,1527.2,2024-07-11 22:57:48
Coffee,1928.63,2025-01-10 12:42:48
Phone bill,200.08,2024-12-19 12:48:48
Furniture,951.01,2024-04-15 11:31:48
Clothing,1348.03,2025-02-12 23:49:48
Movie ticket,1962.66,2024-09-02 23:10:48
Takeout,816.93,2024-03-14 19:35:48
Shoes,223.3,2025-01-28 13:54:48
Concert ticket,1410.35,2024-06-26 06:40:48
Monthly wages,658.25,2025-02-07 17:24:48
Shoes,1201.98,2024-10-30 07:49:48
Clothing,454.07,2024-09-11 19:48:48
Medical bill,380.0,2025-03-03 13:59:48
Concert ticket,361.06,2024-04-27 13:59:48
Electricity bill,794.55,2024-07-14 07:59:48
Monthly wages,241.08,2024-09-17 16:58:48
Donation,1955.21,2024-03-25 00:38:48
Concert ticket,1950.49,2024-10-16 23:04:48
Online course,248.16,2024-02-03 15:56:48
Airbnb stay,559.2,2024-04-07 11:05:48
Fuel,1513.34,2024-02-22 09:17:48
Movie ticket,953.23,2024-06-03 17:11:48
Hotel booking,559.94,2024-03-10 15:36:48
Water bill,503.63,2024-07-27 22:02:48
Gas bill,62.36,2024-03-27 03:49:48
Weekly wages,997.78,2025-03-26 00:18:48
Charity,1359.37,2025-01-19 20:03:48
Gift,195.38,2025-02-27 07:54:48
Flight ticket,1535.84,2024-02-27 15:30:48
Car maintenance,1325.2,2024-07-30 13:26:48
Train ticket,689.2,2024-01-23 12:08:48
Amazon order,1905.3,2025-03-22 15:46:48
Water bill,769.11,2024-10-28 17:14:48
Shoes,74.85,2025-01-07 12:00:48
App store purchase,608.18,2024-04-12 00:11:48
Medical bill,271.57,2024-04-06 17:11:48
Software license,221.44,2024-04-27 14:00:48
Bus fare,1371.69,2024-06-19 14:12:48
Bus fare,1709.14,2024-07-23 04:17:48
Lyft ride,990.9,2024-09-26 09:59:48
Movie ticket,1533.64,2024-11-13 19:39:48
Amazon order,1182.16,2025-02-01 18:20:48
Tech gadgets,1169.18,2024-03-12 09:21:48
Bookstore,197.41,2024-10-13 18:16:48
Movie ticket,115.73,2024-12-03 22:27:48
Pet food,626.26,2025-02-23 07:38:48
Streaming subscription,231.6,2025-01-12 05:08:48
Gym membership,77.64,2024-05-06 16:06:48
Hotel booking,1803.12,2024-11-23 04:58:48
Rent payment,1177.21,2024-10-27 17:06:48
Bookstore,646.88,2025-02-16 14:36:48
Home repair,1351.2,2024-10-17 14:10:48
Software license,1335.77,2025-01-12 10:23:48
Concert ticket,1938.95,2024-12-25 14:02:48
Weekly wages,1681.24,2024-07-07 23:24:48
Lyft ride,97.92,2024-06-18 16:51:48
Takeout,1250.27,2025-02-19 06:48:48
Donation,192.18,2024-10-17 21:38:48
Parking fee,1602.97,2024-08-07 16:29:48
Movie ticket,1591.92,2024-05-09 20:10:48
Streaming subscription,867.52,2024-07-05 19:30:48
Pharmacy,806.4,2024-05-23 13:13:48
Vet bill,1527.59,2025-01-06 05:02:48
Furniture,1033.9,2025-01-02 11:11:48
Cafe breakfast,1322.63,2024-02-11 06:13:48
Fuel,1874.51,2024-07-09 09:48:48
App store purchase,1813.95,2024-06-22 06:02:48
Wages,1045.97,2024-10-03 15:33:48
Uber ride,303.49,2024-04-22 19:48:48
Medical bill,822.29,2024-01-24 03:02:48
Cafe breakfast,1692.4,2024-11-22 20:01:48
Groceries,515.12,2024-06-04 22:17:48
Uber ride,229.78,2024-12-31 05:27:48
Streaming subscription,929.93,2024-06-25 16:15:48
Pet food,1811.59,2024-12-26 00:25:48
Gas bill,61.2,2024-02-28 21:00:48
Bus fare,354.44,2024-01-28 03:56:48
Airbnb stay,1565.12,2025-03-11 03:22:48
Charity,598.06,2025-03-06 15:45:48
Concert ticket,1344.33,2025-02-20 16:49:48
Phone bill,1685.97,2024-12-09 02:06:48
Tech gadgets,1002.0,2025-02-05 13:00:48
Donation,1899.5,2024-07-13 21:11:48
Monthly wages,478.44,2025-02-04 19:21:48
Donation,1475.26,2024-02-20 05:55:48
Uber ride,1871.19,2024-12-18 01:36:48
Supermarket run,430.57,2024-11-18 15:16:48
Lyft ride,1726.21,2025-03-10 14:08:48
Concert ticket,1400.14,2025-02-09 19:08:48
Medical bill,951.28,2024-12-02 20:46:48
Internet bill,727.91,2024-04-06 17:50:48
Streaming subscription,45.09,2024-06-02 03:49:48
Tech gadgets,1325.46,2025-03-11 06:44:48
Vet bill,481.63,2024-06-29 17:23:48
Birthday gift,1917.09,2024-10-04 08:35:48
Train ticket,1734.31,2024-01-24 15:18:48
Amazon purchase,1819.85,2024-09-18 21:23:48
Monthly wages,1872.84,2024-03-16 22:23:48
Cafe breakfast,1719.26,2025-01-15 15:02:48
Gym membership,1759.3,2024-03-11 09:16:48
Amazon Marketplace,550.25,2025-02-25 14:12:48
Tech gadgets,827.68,2024-02-02 18:57:48
Medical bill,1753.89,2024-02-14 01:50:48
Groceries,1397.87,2024-07-23 03:20:48
Pharmacy,1205.43,2024-02-16 11:55:48
Gym membership,908.16,2025-03-25 04:01:48
Pet food,369.93,2024-08-23 09:34:48
Amazon purchase,803.12,2024-05-21 20:22:48
Parking fee,167.22,2025-01-17 22:09:48
Furniture,1939.42,2024-02-07 08:54:48
Gas bill,1694.38,2024-04-21 15:52:48
Gym membership,904.63,2024-01-16 06:34:48
Lyft ride,349.44,2024-06-08 18:51:48
Car maintenance,399.73,2024-09-07 18:31:48
Online course,1753.15,2024-02-05 11:28:48
Amazon order,1896.37,2024-06-26 09:03:48
Birthday gift,459.73,2025-02-21 15:30:48
Lyft ride,1403.42,2025-01-12 04:17:48
Gift,859.52,2024-11-26 01:37:48
Concert ticket,342.74,2024-06-22 02:42:48
Furniture,1053.1,2024-03-08 14:50:48
Insurance,989.82,2024-12-14 07:29:48
Coffee,1892.27,2024-02-16 21:24:48
Tech gadgets,989.85,2025-01-31 15:48:48
Cafe breakfast,1201.37,2024-02-11 19:56:48
Insurance,381.16,2025-01-05 15:52:48
Internet bill,60.46,2024-11-24 22:03:48
Clothing,1814.93,2024-09-30 10:59:48
Pet food,917.95,2025-04-02 14:34:48
Gym membership,1948.88,2024-09-16 08:29:48
Furniture,768.84,2024-09-03 06:04:48
Lyft ride,148.89,2024-06-27 04:39:48
Yoga class,1862.34,2024-08-09 18:04:48
Vet bill,1934.52,2024-06-05 06:55:48
Amazon Marketplace,13.71,2024-07-23 10:18:48
Streaming subscription,1955.12,2024-04-29 18:34:48
Bus fare,85.13,2025-01-06 21:32:48
Hotel booking,987.2,2024-10-16 15:34:48
Monthly wages,636.68,2024-07-10 16:33:48
Lyft ride,236.33,2025-03-17 01:11:48
Fuel,1496.4,2024-08-30 19:45:48
Lyft ride,1227.02,2024-03-14 21:09:48
Gym membership,873.24,2025-01-13 18:55:48
Airbnb stay,1528.06,2025-01-20 11:48:48
Vet bill,1274.39,2024-08-26 04:30:48
Internet bill,111.97,2025-01-05 04:12:48
Lyft ride,329.62,2024-08-11 16:35:48
Airbnb stay,84.46,2024-10-07 07:07:48
Airbnb stay,917.15,2025-02-09 05:47:48
Internet bill,249.94,2025-02-19 22:47:48
Car maintenance,363.77,2025-01-11 06:10:48
Fuel,1127.81,2024-05-03 11:29:48
Donation,1996.02,2025-04-05 12:53:48
Parking fee,363.6,2025-02-27 21:53:48
Airbnb stay,1354.79,2024-10-22 05:24:48
Insurance,1962.72,2025-02-04 17:19:48
Donation,1858.51,2025-02-12 19:33:48
Amazon order,164.88,2024-02-07 07:00:48
Rent payment,909.75,2024-11-21 10:00:48
Amazon purchase,660.87,2025-03-16 09:03:48
Clothing,651.86,2024-03-29 05:44:48
Parking fee,261.25,2024-01-23 03:51:48
Pet food,568.06,2024-02-25 03:55:48
Weekly wages,1095.67,2024-06-03 17:37:48
Online course,512.56,2024-12-06 17:37:48
Amazon order,1705.13,2025-01-14 16:53:48
Online course,572.02,2024-03-18 09:33:48
Water bill,599.2,2024-02-22 15:55:48
Streaming subscription,1807.76,2024-06-04 01:20:48
Vet bill,194.93,2024-10-01 13:30:48
Airbnb stay,892.55,2024-09-21 14:25:48
Parking fee,1201.88,2025-02-20 15:51:48
Concert ticket,1228.89,2024-08-28 09:15:48
Monthly wages,83.75,2024-10-15 14:59:48
Takeout,1296.28,2024-04-08 00:43:48
Airbnb stay,1055.98,2024-05-11 13:37:48
Car maintenance,938.03,2025-02-26 14:23:48
Internet bill,1968.42,2024-04-22 19:49:48
Uber ride,1047.61,2024-11-07 11:39:48
Bus fare,155.84,2025-03-15 13:36:48
Hotel booking,851.55,2025-02-18 15:00:48
Phone bill,1138.25,2024-11-29 18:26:48
Donation,166.29,2024-07-25 05:35:48
Tech gadgets,1324.17,2025-01-06 23:49:48
Online course,93.38,2024-09-06 07:23:48
Gym membership,1175.66,2024-08-18 08:14:48
Gift,1616.24,2024-10-16 00:29:48
Supermarket run,159.21,2024-06-02 20:47:48
Insurance,215.34,2024-07-09 05:42:48
Online course,236.01,2025-01-10 09:12:48
Shoes,1384.54,2024-01-19 07:55:48
Charity,1452.65,2024-11-03 09:50:48
Gift,723.38,2024-04-28 06:59:48
Online course,1609.87,2025-02-23 01:34:48
Amazon purchase,384.03,2024-02-16 04:58:48
Coffee,1718.45,2024-12-21 14:01:48
Internet bill,1300.53,2024-08-27 08:48:48
Train ticket,384.26,2024-11-04 15:33:48
Rent payment,845.49,2025-02-07 23:45:48
Internet bill,1478.35,2024-08-23 14:12:48
Amazon order,1720.01,2024-06-12 22:30:48
